series,seed,mode,event,time_s,source_as_of,reason,route_changed,cumulative_route_changes,update_ms,success,length_m,latent_quality_mean,synthetic_low_quality_exposure_m,normalized_cost_integral,unknown_exposure_m,collision_cells,valid_path,route
dynamic_obstacles,100,geometric,initial,0.0,400.0,blocked_or_initial,False,0,0.5681899997398432,True,38.0,0.8997179018672018,0.0,0.0,0.0,0,True,direct
dynamic_obstacles,100,geometric,direct_blocked,0.1,400.1,blocked_or_initial,True,1,2.0040710001012485,True,56.48528137423856,0.9013258691747432,0.0,0.0,0.0,0,True,detour
dynamic_obstacles,100,geometric,obstacle_removed,2.0,402.0,quality_improvement,True,2,0.5866599999535538,True,38.0,0.8997179018672018,0.0,0.0,0.0,0,True,direct
dynamic_obstacles,100,geometric,all_routes_blocked,2.1,402.1,stop_no_path,True,3,9.674576000179513,False,,,,,,0,False,no_path
dynamic_obstacles,100,geometric,routes_reopened,4.0,404.0,blocked_or_initial,True,4,0.5255399996713095,True,38.0,0.8997179018672018,0.0,0.0,0.0,0,True,direct
dynamic_obstacles,100,linear,initial,0.0,400.0,blocked_or_initial,False,0,1.2483049999900686,True,38.0,0.8997179018672018,0.0,3.03373015873016,0.0,0,True,direct
dynamic_obstacles,100,linear,direct_blocked,0.1,400.1,blocked_or_initial,True,1,1.887514000372903,True,56.48528137423857,0.9018599913023024,0.0,4.394212962119417,0.0,0,True,detour
dynamic_obstacles,100,linear,obstacle_removed,2.0,402.0,quality_improvement,True,2,1.0974479996548325,True,38.0,0.8997179018672018,0.0,3.03373015873016,0.0,0,True,direct
dynamic_obstacles,100,linear,all_routes_blocked,2.1,402.1,stop_no_path,True,3,1.1005649998878653,False,,,,,,0,False,no_path
dynamic_obstacles,100,linear,routes_reopened,4.0,404.0,blocked_or_initial,True,4,3.27836299993578,True,38.0,0.8997179018672018,0.0,3.03373015873016,0.0,0,True,direct
dynamic_obstacles,100,nonlinear,initial,0.0,400.0,blocked_or_initial,False,0,0.8852740002112114,True,38.0,0.8997179018672018,0.0,0.3015873015873014,0.0,0,True,direct
dynamic_obstacles,100,nonlinear,direct_blocked,0.1,400.1,blocked_or_initial,True,1,2.5516860000607267,True,56.48528137423857,0.9009776776729489,0.0,0.45541053955274,0.0,0,True,detour
dynamic_obstacles,100,nonlinear,obstacle_removed,2.0,402.0,quality_improvement,True,2,1.1698400003297138,True,38.0,0.8997179018672018,0.0,0.3015873015873014,0.0,0,True,direct
dynamic_obstacles,100,nonlinear,all_routes_blocked,2.1,402.1,stop_no_path,True,3,4.2442980002306285,False,,,,,,0,False,no_path
dynamic_obstacles,100,nonlinear,routes_reopened,4.0,404.0,blocked_or_initial,True,4,1.048090000040247,True,38.0,0.8997179018672018,0.0,0.3015873015873014,0.0,0,True,direct
dynamic_obstacles,100,full,initial,0.0,400.0,blocked_or_initial,False,0,0.6692100000691426,True,38.0,0.8997179018672018,0.0,0.44444444444444486,0.0,0,True,direct
dynamic_obstacles,100,full,direct_blocked,0.1,400.1,blocked_or_initial,True,1,1.6630559998702665,True,56.48528137423856,0.9017782394339952,0.0,0.6294738769760696,0.0,0,True,detour
dynamic_obstacles,100,full,obstacle_removed,2.0,402.0,quality_improvement,True,2,0.8407099999203638,True,38.0,0.8997179018672018,0.0,0.44444444444444486,0.0,0,True,direct
dynamic_obstacles,100,full,all_routes_blocked,2.1,402.1,stop_no_path,True,3,1.2307189999773982,False,,,,,,0,False,no_path
dynamic_obstacles,100,full,routes_reopened,4.0,404.0,blocked_or_initial,True,4,0.7059999998091371,True,38.0,0.8997179018672018,0.0,0.44444444444444486,0.0,0,True,direct
dynamic_obstacles,100,no_variance,initial,0.0,400.0,blocked_or_initial,False,0,6.832151999788039,True,38.0,0.8997179018672018,0.0,0.3015873015873014,0.0,0,True,direct
dynamic_obstacles,100,no_variance,direct_blocked,0.1,400.1,blocked_or_initial,True,1,3.686573999857501,True,56.48528137423857,0.9007125892595009,0.0,0.45855694121469814,0.0,0,True,detour
dynamic_obstacles,100,no_variance,obstacle_removed,2.0,402.0,quality_improvement,True,2,0.516289000188408,True,38.0,0.8997179018672018,0.0,0.3015873015873014,0.0,0,True,direct
dynamic_obstacles,100,no_variance,all_routes_blocked,2.1,402.1,stop_no_path,True,3,0.8585739997215569,False,,,,,,0,False,no_path
dynamic_obstacles,100,no_variance,routes_reopened,4.0,404.0,blocked_or_initial,True,4,0.5573329999606358,True,38.0,0.8997179018672018,0.0,0.3015873015873014,0.0,0,True,direct
dynamic_obstacles,100,no_count,initial,0.0,400.0,blocked_or_initial,False,0,0.8685660000082862,True,38.0,0.8997179018672018,0.0,0.44444444444444486,0.0,0,True,direct
dynamic_obstacles,100,no_count,direct_blocked,0.1,400.1,blocked_or_initial,True,1,1.7676870002105716,True,56.48528137423856,0.9017782394339952,0.0,0.6294738769760696,0.0,0,True,detour
dynamic_obstacles,100,no_count,obstacle_removed,2.0,402.0,quality_improvement,True,2,4.860215999997308,True,38.0,0.8997179018672018,0.0,0.44444444444444486,0.0,0,True,direct
dynamic_obstacles,100,no_count,all_routes_blocked,2.1,402.1,stop_no_path,True,3,1.0706370003390475,False,,,,,,0,False,no_path
dynamic_obstacles,100,no_count,routes_reopened,4.0,404.0,blocked_or_initial,True,4,0.7668339999327145,True,38.0,0.8997179018672018,0.0,0.44444444444444486,0.0,0,True,direct
dynamic_obstacles,100,no_age,initial,0.0,400.0,blocked_or_initial,False,0,0.9141820000877487,True,38.0,0.8997179018672018,0.0,0.44444444444444486,0.0,0,True,direct
dynamic_obstacles,100,no_age,direct_blocked,0.1,400.1,blocked_or_initial,True,1,2.5183429997923668,True,56.48528137423856,0.9017782394339952,0.0,0.6294738769760696,0.0,0,True,detour
dynamic_obstacles,100,no_age,obstacle_removed,2.0,402.0,quality_improvement,True,2,0.897979999990639,True,38.0,0.8997179018672018,0.0,0.44444444444444486,0.0,0,True,direct
dynamic_obstacles,100,no_age,all_routes_blocked,2.1,402.1,stop_no_path,True,3,1.082771999790566,False,,,,,,0,False,no_path
dynamic_obstacles,100,no_age,routes_reopened,4.0,404.0,blocked_or_initial,True,4,0.7209489999695506,True,38.0,0.8997179018672018,0.0,0.44444444444444486,0.0,0,True,direct
dynamic_obstacles,101,geometric,initial,0.0,400.0,blocked_or_initial,False,0,0.476107999929809,True,38.0,0.9009235332132979,0.0,0.0,0.0,0,True,direct
dynamic_obstacles,101,geometric,direct_blocked,0.1,400.1,blocked_or_initial,True,1,2.187872999911633,True,56.48528137423856,0.900996869559616,0.0,0.0,0.0,0,True,detour
dynamic_obstacles,101,geometric,obstacle_removed,2.0,402.0,quality_improvement,True,2,0.7356749997597944,True,38.0,0.9009235332132979,0.0,0.0,0.0,0,True,direct
dynamic_obstacles,101,geometric,all_routes_blocked,2.1,402.1,stop_no_path,True,3,1.6221340001720819,False,,,,,,0,False,no_path
dynamic_obstacles,101,geometric,routes_reopened,4.0,404.0,blocked_or_initial,True,4,10.658154000338982,True,38.0,0.9009235332132979,0.0,0.0,0.0,0,True,direct
dynamic_obstacles,101,linear,initial,0.0,400.0,blocked_or_initial,False,0,1.006073000098695,True,38.0,0.9009235332132979,0.0,2.9841269841269855,0.0,0,True,direct
dynamic_obstacles,101,linear,direct_blocked,0.1,400.1,blocked_or_initial,True,1,1.6905409997889365,True,56.48528137423856,0.9020996000398159,0.0,4.388941425910107,0.0,0,True,detour
dynamic_obstacles,101,linear,obstacle_removed,2.0,402.0,quality_improvement,True,2,1.2513420001596387,True,38.0,0.9009235332132979,0.0,2.9841269841269855,0.0,0,True,direct
dynamic_obstacles,101,linear,all_routes_blocked,2.1,402.1,stop_no_path,True,3,10.559661999650416,False,,,,,,0,False,no_path
dynamic_obstacles,101,linear,routes_reopened,4.0,404.0,blocked_or_initial,True,4,0.9276480000153242,True,38.0,0.9009235332132979,0.0,2.9841269841269855,0.0,0,True,direct
dynamic_obstacles,101,nonlinear,initial,0.0,400.0,blocked_or_initial,False,0,0.5654819997289451,True,38.0,0.9009235332132979,0.0,0.2936507936507935,0.0,0,True,direct
dynamic_obstacles,101,nonlinear,direct_blocked,0.1,400.1,blocked_or_initial,True,1,11.444494999977906,True,56.48528137423856,0.900996869559616,0.0,0.45623239185903586,0.0,0,True,detour
dynamic_obstacles,101,nonlinear,obstacle_removed,2.0,402.0,quality_improvement,True,2,0.5717849999200553,True,38.0,0.9009235332132979,0.0,0.2936507936507935,0.0,0,True,direct
dynamic_obstacles,101,nonlinear,all_routes_blocked,2.1,402.1,stop_no_path,True,3,0.9868550000646792,False,,,,,,0,False,no_path
dynamic_obstacles,101,nonlinear,routes_reopened,4.0,404.0,blocked_or_initial,True,4,0.5805249998047657,True,38.0,0.9009235332132979,0.0,0.2936507936507935,0.0,0,True,direct
dynamic_obstacles,101,full,initial,0.0,400.0,blocked_or_initial,False,0,0.7214840002234268,True,38.0,0.9009235332132979,0.0,0.4285714285714288,0.0,0,True,direct
dynamic_obstacles,101,full,direct_blocked,0.1,400.1,blocked_or_initial,True,1,10.781255999972927,True,56.48528137423857,0.9012559389076762,0.0,0.6357666802999858,0.0,0,True,detour
dynamic_obstacles,101,full,obstacle_removed,2.0,402.0,quality_improvement,True,2,0.6843280002613028,True,38.0,0.9009235332132979,0.0,0.4285714285714288,0.0,0,True,direct
dynamic_obstacles,101,full,all_routes_blocked,2.1,402.1,stop_no_path,True,3,1.1055770000893972,False,,,,,,0,False,no_path
dynamic_obstacles,101,full,routes_reopened,4.0,404.0,blocked_or_initial,True,4,0.7865739999033394,True,38.0,0.9009235332132979,0.0,0.4285714285714288,0.0,0,True,direct
dynamic_obstacles,101,no_variance,initial,0.0,400.0,blocked_or_initial,False,0,0.7019250001576438,True,38.0,0.9009235332132979,0.0,0.2936507936507935,0.0,0,True,direct
dynamic_obstacles,101,no_variance,direct_blocked,0.1,400.1,blocked_or_initial,True,1,2.484510999693157,True,56.48528137423856,0.900996869559616,0.0,0.45623239185903586,0.0,0,True,detour
dynamic_obstacles,101,no_variance,obstacle_removed,2.0,402.0,quality_improvement,True,2,8.722348999981477,True,38.0,0.9009235332132979,0.0,0.2936507936507935,0.0,0,True,direct
dynamic_obstacles,101,no_variance,all_routes_blocked,2.1,402.1,stop_no_path,True,3,1.2537060001704958,False,,,,,,0,False,no_path
dynamic_obstacles,101,no_variance,routes_reopened,4.0,404.0,blocked_or_initial,True,4,0.7225819999803207,True,38.0,0.9009235332132979,0.0,0.2936507936507935,0.0,0,True,direct
dynamic_obstacles,101,no_count,initial,0.0,400.0,blocked_or_initial,False,0,9.976022000046214,True,38.0,0.9009235332132979,0.0,0.4285714285714288,0.0,0,True,direct
dynamic_obstacles,101,no_count,direct_blocked,0.1,400.1,blocked_or_initial,True,1,2.5943119999283226,True,56.48528137423857,0.9012559389076762,0.0,0.6357666802999858,0.0,0,True,detour
dynamic_obstacles,101,no_count,obstacle_removed,2.0,402.0,quality_improvement,True,2,1.241281999682542,True,38.0,0.9009235332132979,0.0,0.4285714285714288,0.0,0,True,direct
dynamic_obstacles,101,no_count,all_routes_blocked,2.1,402.1,stop_no_path,True,3,1.6798659999039955,False,,,,,,0,False,no_path
dynamic_obstacles,101,no_count,routes_reopened,4.0,404.0,blocked_or_initial,True,4,1.2055980000695854,True,38.0,0.9009235332132979,0.0,0.4285714285714288,0.0,0,True,direct
dynamic_obstacles,101,no_age,initial,0.0,400.0,blocked_or_initial,False,0,2.759741000318172,True,38.0,0.9009235332132979,0.0,0.4285714285714288,0.0,0,True,direct
dynamic_obstacles,101,no_age,direct_blocked,0.1,400.1,blocked_or_initial,True,1,3.173903000060818,True,56.48528137423857,0.9012559389076762,0.0,0.6357666802999858,0.0,0,True,detour
dynamic_obstacles,101,no_age,obstacle_removed,2.0,402.0,quality_improvement,True,2,0.9531850000712438,True,38.0,0.9009235332132979,0.0,0.4285714285714288,0.0,0,True,direct
dynamic_obstacles,101,no_age,all_routes_blocked,2.1,402.1,stop_no_path,True,3,1.052741999956197,False,,,,,,0,False,no_path
dynamic_obstacles,101,no_age,routes_reopened,4.0,404.0,blocked_or_initial,True,4,0.7427420000567508,True,38.0,0.9009235332132979,0.0,0.4285714285714288,0.0,0,True,direct
dynamic_obstacles,102,geometric,initial,0.0,400.0,blocked_or_initial,False,0,0.36444599982132786,True,38.0,0.8990472561589457,0.0,0.0,0.0,0,True,direct
dynamic_obstacles,102,geometric,direct_blocked,0.1,400.1,blocked_or_initial,True,1,1.6478560000905418,True,56.48528137423856,0.8995214922017276,0.0,0.0,0.0,0,True,detour
dynamic_obstacles,102,geometric,obstacle_removed,2.0,402.0,quality_improvement,True,2,0.5810470001961221,True,38.0,0.8990472561589457,0.0,0.0,0.0,0,True,direct
dynamic_obstacles,102,geometric,all_routes_blocked,2.1,402.1,stop_no_path,True,3,1.0551240002314444,False,,,,,,0,False,no_path
dynamic_obstacles,102,geometric,routes_reopened,4.0,404.0,blocked_or_initial,True,4,2.1630649998769513,True,38.0,0.8990472561589457,0.0,0.0,0.0,0,True,direct
dynamic_obstacles,102,linear,initial,0.0,400.0,blocked_or_initial,False,0,5.2776320003431465,True,38.0,0.8990472561589457,0.0,3.0575396825396837,0.0,0,True,direct
dynamic_obstacles,102,linear,direct_blocked,0.1,400.1,blocked_or_initial,True,1,1.4464450000559737,True,56.48528137423856,0.9001704312092221,0.0,4.502999523874866,0.0,0,True,detour
dynamic_obstacles,102,linear,obstacle_removed,2.0,402.0,quality_improvement,True,2,1.2842109999837703,True,38.0,0.8990472561589457,0.0,3.0575396825396837,0.0,0,True,direct
dynamic_obstacles,102,linear,all_routes_blocked,2.1,402.1,stop_no_path,True,3,1.3915149997956178,False,,,,,,0,False,no_path
dynamic_obstacles,102,linear,routes_reopened,4.0,404.0,blocked_or_initial,True,4,1.260931000160781,True,38.0,0.8990472561589457,0.0,3.0575396825396837,0.0,0,True,direct
dynamic_obstacles,102,nonlinear,initial,0.0,400.0,blocked_or_initial,False,0,0.7234059999063902,True,38.0,0.8990472561589457,0.0,0.3035714285714285,0.0,0,True,direct
dynamic_obstacles,102,nonlinear,direct_blocked,0.1,400.1,blocked_or_initial,True,1,9.262007999950583,True,56.48528137423856,0.8995214922017276,0.0,0.4526045602623172,0.0,0,True,detour
dynamic_obstacles,102,nonlinear,obstacle_removed,2.0,402.0,quality_improvement,True,2,0.8299940000142669,True,38.0,0.8990472561589457,0.0,0.3035714285714285,0.0,0,True,direct
dynamic_obstacles,102,nonlinear,all_routes_blocked,2.1,402.1,stop_no_path,True,3,1.0507040001357382,False,,,,,,0,False,no_path
dynamic_obstacles,102,nonlinear,routes_reopened,4.0,404.0,blocked_or_initial,True,4,0.5126849996486271,True,38.0,0.8990472561589457,0.0,0.3035714285714285,0.0,0,True,direct
dynamic_obstacles,102,full,initial,0.0,400.0,blocked_or_initial,False,0,0.6171429999994871,True,38.0,0.8990472561589457,0.0,0.4464285714285716,0.0,0,True,direct
dynamic_obstacles,102,full,direct_blocked,0.1,400.1,blocked_or_initial,True,1,1.929943000050116,True,56.48528137423856,0.8999106795374221,0.0,0.6592357817379743,0.0,0,True,detour
dynamic_obstacles,102,full,obstacle_removed,2.0,402.0,quality_improvement,True,2,0.8585440000388189,True,38.0,0.8990472561589457,0.0,0.4464285714285716,0.0,0,True,direct
dynamic_obstacles,102,full,all_routes_blocked,2.1,402.1,stop_no_path,True,3,1.409507000062149,False,,,,,,0,False,no_path
dynamic_obstacles,102,full,routes_reopened,4.0,404.0,blocked_or_initial,True,4,2.1399379998001677,True,38.0,0.8990472561589457,0.0,0.4464285714285716,0.0,0,True,direct
dynamic_obstacles,102,no_variance,initial,0.0,400.0,blocked_or_initial,False,0,0.8504840002387937,True,38.0,0.8990472561589457,0.0,0.3035714285714285,0.0,0,True,direct
dynamic_obstacles,102,no_variance,direct_blocked,0.1,400.1,blocked_or_initial,True,1,1.8161480002163444,True,56.48528137423856,0.8995214922017276,0.0,0.4526045602623172,0.0,0,True,detour
dynamic_obstacles,102,no_variance,obstacle_removed,2.0,402.0,quality_improvement,True,2,0.9127039998020336,True,38.0,0.8990472561589457,0.0,0.3035714285714285,0.0,0,True,direct
dynamic_obstacles,102,no_variance,all_routes_blocked,2.1,402.1,stop_no_path,True,3,1.8772079997688706,False,,,,,,0,False,no_path
dynamic_obstacles,102,no_variance,routes_reopened,4.0,404.0,blocked_or_initial,True,4,4.000976000043011,True,38.0,0.8990472561589457,0.0,0.3035714285714285,0.0,0,True,direct
dynamic_obstacles,102,no_count,initial,0.0,400.0,blocked_or_initial,False,0,0.7967239998833975,True,38.0,0.8990472561589457,0.0,0.4464285714285716,0.0,0,True,direct
dynamic_obstacles,102,no_count,direct_blocked,0.1,400.1,blocked_or_initial,True,1,1.6867729996192793,True,56.48528137423856,0.8999106795374221,0.0,0.6592357817379743,0.0,0,True,detour
dynamic_obstacles,102,no_count,obstacle_removed,2.0,402.0,quality_improvement,True,2,1.0281239997311786,True,38.0,0.8990472561589457,0.0,0.4464285714285716,0.0,0,True,direct
dynamic_obstacles,102,no_count,all_routes_blocked,2.1,402.1,stop_no_path,True,3,1.0911200001828547,False,,,,,,0,False,no_path
dynamic_obstacles,102,no_count,routes_reopened,4.0,404.0,blocked_or_initial,True,4,0.824769000246306,True,38.0,0.8990472561589457,0.0,0.4464285714285716,0.0,0,True,direct
dynamic_obstacles,102,no_age,initial,0.0,400.0,blocked_or_initial,False,0,1.1627980002231197,True,38.0,0.8990472561589457,0.0,0.4464285714285716,0.0,0,True,direct
dynamic_obstacles,102,no_age,direct_blocked,0.1,400.1,blocked_or_initial,True,1,1.7681699996501266,True,56.48528137423856,0.8999106795374221,0.0,0.6592357817379743,0.0,0,True,detour
dynamic_obstacles,102,no_age,obstacle_removed,2.0,402.0,quality_improvement,True,2,0.7628509997630317,True,38.0,0.8990472561589457,0.0,0.4464285714285716,0.0,0,True,direct
dynamic_obstacles,102,no_age,all_routes_blocked,2.1,402.1,stop_no_path,True,3,1.1151300000165065,False,,,,,,0,False,no_path
dynamic_obstacles,102,no_age,routes_reopened,4.0,404.0,blocked_or_initial,True,4,0.8699919999344274,True,38.0,0.8990472561589457,0.0,0.4464285714285716,0.0,0,True,direct
dynamic_obstacles,103,geometric,initial,0.0,400.0,blocked_or_initial,False,0,0.5058599999756552,True,38.0,0.8999272004092669,0.0,0.0,0.0,0,True,direct
dynamic_obstacles,103,geometric,direct_blocked,0.1,400.1,blocked_or_initial,True,1,10.221649999948568,True,56.48528137423856,0.9011689578085811,0.0,0.0,0.0,0,True,detour
dynamic_obstacles,103,geometric,obstacle_removed,2.0,402.0,quality_improvement,True,2,0.39917599997352227,True,38.0,0.8999272004092669,0.0,0.0,0.0,0,True,direct
dynamic_obstacles,103,geometric,all_routes_blocked,2.1,402.1,stop_no_path,True,3,0.991305999832548,False,,,,,,0,False,no_path
dynamic_obstacles,103,geometric,routes_reopened,4.0,404.0,blocked_or_initial,True,4,0.3801140001087333,True,38.0,0.8999272004092669,0.0,0.0,0.0,0,True,direct
dynamic_obstacles,103,linear,initial,0.0,400.0,blocked_or_initial,False,0,1.2211859998387808,True,38.0,0.8999272004092669,0.0,3.023809523809525,0.0,0,True,direct
dynamic_obstacles,103,linear,direct_blocked,0.1,400.1,blocked_or_initial,True,1,2.3543030001746956,True,56.48528137423856,0.9021587731437958,0.0,4.396056081540317,0.0,0,True,detour
dynamic_obstacles,103,linear,obstacle_removed,2.0,402.0,quality_improvement,True,2,1.3252669996290933,True,38.0,0.8999272004092669,0.0,3.023809523809525,0.0,0,True,direct
dynamic_obstacles,103,linear,all_routes_blocked,2.1,402.1,stop_no_path,True,3,7.518872000218835,False,,,,,,0,False,no_path
dynamic_obstacles,103,linear,routes_reopened,4.0,404.0,blocked_or_initial,True,4,0.7839419999982056,True,38.0,0.8999272004092669,0.0,3.023809523809525,0.0,0,True,direct
dynamic_obstacles,103,nonlinear,initial,0.0,400.0,blocked_or_initial,False,0,0.6016249999447609,True,38.0,0.8999272004092669,0.0,0.30555555555555536,0.0,0,True,direct
dynamic_obstacles,103,nonlinear,direct_blocked,0.1,400.1,blocked_or_initial,True,1,1.883897999960027,True,56.48528137423856,0.9016783241967313,0.0,0.4347474174051742,0.0,0,True,detour
dynamic_obstacles,103,nonlinear,obstacle_removed,2.0,402.0,quality_improvement,True,2,0.9435209999537619,True,38.0,0.8999272004092669,0.0,0.30555555555555536,0.0,0,True,direct
dynamic_obstacles,103,nonlinear,all_routes_blocked,2.1,402.1,stop_no_path,True,3,0.9957229999599804,False,,,,,,0,False,no_path
dynamic_obstacles,103,nonlinear,routes_reopened,4.0,404.0,blocked_or_initial,True,4,0.5711799999517098,True,38.0,0.8999272004092669,0.0,0.30555555555555536,0.0,0,True,direct
dynamic_obstacles,103,full,initial,0.0,400.0,blocked_or_initial,False,0,0.8963589998529642,True,38.0,0.8999272004092669,0.0,0.44444444444444475,0.0,0,True,direct
dynamic_obstacles,103,full,direct_blocked,0.1,400.1,blocked_or_initial,True,1,1.6376209996451507,True,56.48528137423856,0.9020108984359384,0.0,0.6223592213458575,0.0,0,True,detour
dynamic_obstacles,103,full,obstacle_removed,2.0,402.0,quality_improvement,True,2,0.7957960001476749,True,38.0,0.8999272004092669,0.0,0.44444444444444475,0.0,0,True,direct
dynamic_obstacles,103,full,all_routes_blocked,2.1,402.1,stop_no_path,True,3,1.0400860001027468,False,,,,,,0,False,no_path
dynamic_obstacles,103,full,routes_reopened,4.0,404.0,blocked_or_initial,True,4,0.7903940004325705,True,38.0,0.8999272004092669,0.0,0.44444444444444475,0.0,0,True,direct
dynamic_obstacles,103,no_variance,initial,0.0,400.0,blocked_or_initial,False,0,0.7099029999153572,True,38.0,0.8999272004092669,0.0,0.30555555555555536,0.0,0,True,direct
dynamic_obstacles,103,no_variance,direct_blocked,0.1,400.1,blocked_or_initial,True,1,4.3875850001313665,True,56.48528137423856,0.9016783241967313,0.0,0.43871567137342815,0.0,0,True,detour
dynamic_obstacles,103,no_variance,obstacle_removed,2.0,402.0,quality_improvement,True,2,0.632450000011886,True,38.0,0.8999272004092669,0.0,0.30555555555555536,0.0,0,True,direct
dynamic_obstacles,103,no_variance,all_routes_blocked,2.1,402.1,stop_no_path,True,3,1.1517490002006525,False,,,,,,0,False,no_path
dynamic_obstacles,103,no_variance,routes_reopened,4.0,404.0,blocked_or_initial,True,4,0.6968090001464589,True,38.0,0.8999272004092669,0.0,0.30555555555555536,0.0,0,True,direct
dynamic_obstacles,103,no_count,initial,0.0,400.0,blocked_or_initial,False,0,0.8403470001212554,True,38.0,0.8999272004092669,0.0,0.44444444444444475,0.0,0,True,direct
dynamic_obstacles,103,no_count,direct_blocked,0.1,400.1,blocked_or_initial,True,1,2.094407000186038,True,56.48528137423856,0.9020108984359384,0.0,0.6223592213458575,0.0,0,True,detour
dynamic_obstacles,103,no_count,obstacle_removed,2.0,402.0,quality_improvement,True,2,10.82481999992524,True,38.0,0.8999272004092669,0.0,0.44444444444444475,0.0,0,True,direct
dynamic_obstacles,103,no_count,all_routes_blocked,2.1,402.1,stop_no_path,True,3,1.6203119998863258,False,,,,,,0,False,no_path
dynamic_obstacles,103,no_count,routes_reopened,4.0,404.0,blocked_or_initial,True,4,10.988848000124563,True,38.0,0.8999272004092669,0.0,0.44444444444444475,0.0,0,True,direct
dynamic_obstacles,103,no_age,initial,0.0,400.0,blocked_or_initial,False,0,0.6399839999176038,True,38.0,0.8999272004092669,0.0,0.44444444444444475,0.0,0,True,direct
dynamic_obstacles,103,no_age,direct_blocked,0.1,400.1,blocked_or_initial,True,1,1.7607940003472322,True,56.48528137423856,0.9020108984359384,0.0,0.6223592213458575,0.0,0,True,detour
dynamic_obstacles,103,no_age,obstacle_removed,2.0,402.0,quality_improvement,True,2,1.0462919999554288,True,38.0,0.8999272004092669,0.0,0.44444444444444475,0.0,0,True,direct
dynamic_obstacles,103,no_age,all_routes_blocked,2.1,402.1,stop_no_path,True,3,1.5398809996440832,False,,,,,,0,False,no_path
dynamic_obstacles,103,no_age,routes_reopened,4.0,404.0,blocked_or_initial,True,4,0.9198880002259102,True,38.0,0.8999272004092669,0.0,0.44444444444444475,0.0,0,True,direct
dynamic_obstacles,104,geometric,initial,0.0,400.0,blocked_or_initial,False,0,0.5148300001565076,True,38.0,0.899212307575023,0.0,0.0,0.0,0,True,direct
dynamic_obstacles,104,geometric,direct_blocked,0.1,400.1,blocked_or_initial,True,1,10.149735000140936,True,56.48528137423856,0.899512498893872,0.0,0.0,0.0,0,True,detour
dynamic_obstacles,104,geometric,obstacle_removed,2.0,402.0,quality_improvement,True,2,0.40584399994259,True,38.0,0.899212307575023,0.0,0.0,0.0,0,True,direct
dynamic_obstacles,104,geometric,all_routes_blocked,2.1,402.1,stop_no_path,True,3,1.0008620001826785,False,,,,,,0,False,no_path
dynamic_obstacles,104,geometric,routes_reopened,4.0,404.0,blocked_or_initial,True,4,0.3926290000890731,True,38.0,0.899212307575023,0.0,0.0,0.0,0,True,direct
dynamic_obstacles,104,linear,initial,0.0,400.0,blocked_or_initial,False,0,1.189221999993606,True,38.0,0.899212307575023,0.0,3.039682539682541,0.0,0,True,direct
dynamic_obstacles,104,linear,direct_blocked,0.1,400.1,blocked_or_initial,True,1,2.3259879999386612,True,56.48528137423856,0.9002400352592081,0.0,4.483498676405131,0.0,0,True,detour
dynamic_obstacles,104,linear,obstacle_removed,2.0,402.0,quality_improvement,True,2,1.2682569999924453,True,38.0,0.899212307575023,0.0,3.039682539682541,0.0,0,True,direct
dynamic_obstacles,104,linear,all_routes_blocked,2.1,402.1,stop_no_path,True,3,10.93759700006558,False,,,,,,0,False,no_path
dynamic_obstacles,104,linear,routes_reopened,4.0,404.0,blocked_or_initial,True,4,0.7939360002637841,True,38.0,0.899212307575023,0.0,3.039682539682541,0.0,0,True,direct
dynamic_obstacles,104,nonlinear,initial,0.0,400.0,blocked_or_initial,False,0,0.6620019998990756,True,38.0,0.899212307575023,0.0,0.31746031746031733,0.0,0,True,direct
dynamic_obstacles,104,nonlinear,direct_blocked,0.1,400.1,blocked_or_initial,True,1,1.916517000154272,True,56.48528137423856,0.8998518751352786,0.0,0.447474031616232,0.0,0,True,detour
dynamic_obstacles,104,nonlinear,obstacle_removed,2.0,402.0,quality_improvement,True,2,0.7488750002266897,True,38.0,0.899212307575023,0.0,0.31746031746031733,0.0,0,True,direct
dynamic_obstacles,104,nonlinear,all_routes_blocked,2.1,402.1,stop_no_path,True,3,0.8495339998262352,False,,,,,,0,False,no_path
dynamic_obstacles,104,nonlinear,routes_reopened,4.0,404.0,blocked_or_initial,True,4,0.6193729996084585,True,38.0,0.899212307575023,0.0,0.31746031746031733,0.0,0,True,direct
dynamic_obstacles,104,full,initial,0.0,400.0,blocked_or_initial,False,0,0.7186139996520069,True,38.0,0.899212307575023,0.0,0.4484126984126986,0.0,0,True,direct
dynamic_obstacles,104,full,direct_blocked,0.1,400.1,blocked_or_initial,True,1,4.170706999957474,True,56.48528137423856,0.9000128955377767,0.0,0.6405567865745357,0.0,0,True,detour
dynamic_obstacles,104,full,obstacle_removed,2.0,402.0,quality_improvement,True,2,0.9015269997689757,True,38.0,0.899212307575023,0.0,0.4484126984126986,0.0,0,True,direct
dynamic_obstacles,104,full,all_routes_blocked,2.1,402.1,stop_no_path,True,3,1.1906400000043504,False,,,,,,0,False,no_path
dynamic_obstacles,104,full,routes_reopened,4.0,404.0,blocked_or_initial,True,4,0.6759240000064892,True,38.0,0.899212307575023,0.0,0.4484126984126986,0.0,0,True,direct
dynamic_obstacles,104,no_variance,initial,0.0,400.0,blocked_or_initial,False,0,0.5868260000170267,True,38.0,0.899212307575023,0.0,0.31746031746031733,0.0,0,True,direct
dynamic_obstacles,104,no_variance,direct_blocked,0.1,400.1,blocked_or_initial,True,1,1.7610069999136613,True,56.48528137423856,0.8998518751352786,0.0,0.447474031616232,0.0,0,True,detour
dynamic_obstacles,104,no_variance,obstacle_removed,2.0,402.0,quality_improvement,True,2,8.740601999761566,True,38.0,0.899212307575023,0.0,0.31746031746031733,0.0,0,True,direct
dynamic_obstacles,104,no_variance,all_routes_blocked,2.1,402.1,stop_no_path,True,3,1.0011170002144354,False,,,,,,0,False,no_path
dynamic_obstacles,104,no_variance,routes_reopened,4.0,404.0,blocked_or_initial,True,4,0.4938520000905555,True,38.0,0.899212307575023,0.0,0.31746031746031733,0.0,0,True,direct
dynamic_obstacles,104,no_count,initial,0.0,400.0,blocked_or_initial,False,0,0.6241910000426287,True,38.0,0.899212307575023,0.0,0.4484126984126986,0.0,0,True,direct
dynamic_obstacles,104,no_count,direct_blocked,0.1,400.1,blocked_or_initial,True,1,2.011925000260817,True,56.48528137423856,0.9000128955377767,0.0,0.6405567865745357,0.0,0,True,detour
dynamic_obstacles,104,no_count,obstacle_removed,2.0,402.0,quality_improvement,True,2,8.358667999800673,True,38.0,0.899212307575023,0.0,0.4484126984126986,0.0,0,True,direct
dynamic_obstacles,104,no_count,all_routes_blocked,2.1,402.1,stop_no_path,True,3,0.9407929996996245,False,,,,,,0,False,no_path
dynamic_obstacles,104,no_count,routes_reopened,4.0,404.0,blocked_or_initial,True,4,0.6020810001245991,True,38.0,0.899212307575023,0.0,0.4484126984126986,0.0,0,True,direct
dynamic_obstacles,104,no_age,initial,0.0,400.0,blocked_or_initial,False,0,0.6226430000424443,True,38.0,0.899212307575023,0.0,0.4484126984126986,0.0,0,True,direct
dynamic_obstacles,104,no_age,direct_blocked,0.1,400.1,blocked_or_initial,True,1,2.0928489998368605,True,56.48528137423856,0.9000128955377767,0.0,0.6405567865745357,0.0,0,True,detour
dynamic_obstacles,104,no_age,obstacle_removed,2.0,402.0,quality_improvement,True,2,0.9588520001670986,True,38.0,0.899212307575023,0.0,0.4484126984126986,0.0,0,True,direct
dynamic_obstacles,104,no_age,all_routes_blocked,2.1,402.1,stop_no_path,True,3,7.829208000202925,False,,,,,,0,False,no_path
dynamic_obstacles,104,no_age,routes_reopened,4.0,404.0,blocked_or_initial,True,4,0.7941019998725096,True,38.0,0.899212307575023,0.0,0.4484126984126986,0.0,0,True,direct
dynamic_obstacles,105,geometric,initial,0.0,400.0,blocked_or_initial,False,0,0.4345550000834919,True,38.0,0.8998316380828072,0.0,0.0,0.0,0,True,direct
dynamic_obstacles,105,geometric,direct_blocked,0.1,400.1,blocked_or_initial,True,1,1.9963689996984613,True,56.48528137423856,0.8994272940594833,0.0,0.0,0.0,0,True,detour
dynamic_obstacles,105,geometric,obstacle_removed,2.0,402.0,quality_improvement,True,2,0.5659339999510848,True,38.0,0.8998316380828072,0.0,0.0,0.0,0,True,direct
dynamic_obstacles,105,geometric,all_routes_blocked,2.1,402.1,stop_no_path,True,3,1.787510000212933,False,,,,,,0,False,no_path
dynamic_obstacles,105,geometric,routes_reopened,4.0,404.0,blocked_or_initial,True,4,0.5420120000962925,True,38.0,0.8998316380828072,0.0,0.0,0.0,0,True,direct
dynamic_obstacles,105,linear,initial,0.0,400.0,blocked_or_initial,False,0,7.944257000417565,True,38.0,0.8998316380828072,0.0,3.03373015873016,0.0,0,True,direct
dynamic_obstacles,105,linear,direct_blocked,0.1,400.1,blocked_or_initial,True,1,1.9332210003994987,True,56.48528137423857,0.8997863184563398,0.0,4.477804117506146,0.0,0,True,detour
dynamic_obstacles,105,linear,obstacle_removed,2.0,402.0,quality_improvement,True,2,1.2367650001579023,True,38.0,0.8998316380828072,0.0,3.03373015873016,0.0,0,True,direct
dynamic_obstacles,105,linear,all_routes_blocked,2.1,402.1,stop_no_path,True,3,1.5158180003709276,False,,,,,,0,False,no_path
dynamic_obstacles,105,linear,routes_reopened,4.0,404.0,blocked_or_initial,True,4,1.8954920001306164,True,38.0,0.8998316380828072,0.0,3.03373015873016,0.0,0,True,direct
dynamic_obstacles,105,nonlinear,initial,0.0,400.0,blocked_or_initial,False,0,0.5830830000377318,True,38.0,0.8998316380828072,0.0,0.31547619047619035,0.0,0,True,direct
dynamic_obstacles,105,nonlinear,direct_blocked,0.1,400.1,blocked_or_initial,True,1,1.5586740000799182,True,56.48528137423856,0.8989225661423029,0.0,0.44069979835755524,0.0,0,True,detour
dynamic_obstacles,105,nonlinear,obstacle_removed,2.0,402.0,quality_improvement,True,2,1.0030019998339412,True,38.0,0.8998316380828072,0.0,0.31547619047619035,0.0,0,True,direct
dynamic_obstacles,105,nonlinear,all_routes_blocked,2.1,402.1,stop_no_path,True,3,1.0225549999631767,False,,,,,,0,False,no_path
dynamic_obstacles,105,nonlinear,routes_reopened,4.0,404.0,blocked_or_initial,True,4,0.6316040003184753,True,38.0,0.8998316380828072,0.0,0.31547619047619035,0.0,0,True,direct
dynamic_obstacles,105,full,initial,0.0,400.0,blocked_or_initial,False,0,0.7855600001676066,True,38.0,0.8998316380828072,0.0,0.45238095238095266,0.0,0,True,direct
dynamic_obstacles,105,full,direct_blocked,0.1,400.1,blocked_or_initial,True,1,12.937978000081785,True,56.48528137423857,0.8997863184563398,0.0,0.6420594836239022,0.0,0,True,detour
dynamic_obstacles,105,full,obstacle_removed,2.0,402.0,quality_improvement,True,2,0.7085050001478521,True,38.0,0.8998316380828072,0.0,0.45238095238095266,0.0,0,True,direct
dynamic_obstacles,105,full,all_routes_blocked,2.1,402.1,stop_no_path,True,3,1.0486800001672236,False,,,,,,0,False,no_path
dynamic_obstacles,105,full,routes_reopened,4.0,404.0,blocked_or_initial,True,4,0.7241629996315169,True,38.0,0.8998316380828072,0.0,0.45238095238095266,0.0,0,True,direct
dynamic_obstacles,105,no_variance,initial,0.0,400.0,blocked_or_initial,False,0,0.7222439999168273,True,38.0,0.8998316380828072,0.0,0.31547619047619035,0.0,0,True,direct
dynamic_obstacles,105,no_variance,direct_blocked,0.1,400.1,blocked_or_initial,True,1,1.699084999927436,True,56.48528137423856,0.8989225661423029,0.0,0.44069979835755524,0.0,0,True,detour
dynamic_obstacles,105,no_variance,obstacle_removed,2.0,402.0,quality_improvement,True,2,0.7961989999785146,True,38.0,0.8998316380828072,0.0,0.31547619047619035,0.0,0,True,direct
dynamic_obstacles,105,no_variance,all_routes_blocked,2.1,402.1,stop_no_path,True,3,6.792212000164,False,,,,,,0,False,no_path
dynamic_obstacles,105,no_variance,routes_reopened,4.0,404.0,blocked_or_initial,True,4,0.7685810001021309,True,38.0,0.8998316380828072,0.0,0.31547619047619035,0.0,0,True,direct
dynamic_obstacles,105,no_count,initial,0.0,400.0,blocked_or_initial,False,0,0.930544999846461,True,38.0,0.8998316380828072,0.0,0.45238095238095266,0.0,0,True,direct
dynamic_obstacles,105,no_count,direct_blocked,0.1,400.1,blocked_or_initial,True,1,2.665057000285742,True,56.48528137423857,0.8997863184563398,0.0,0.6420594836239022,0.0,0,True,detour
dynamic_obstacles,105,no_count,obstacle_removed,2.0,402.0,quality_improvement,True,2,1.4396589999705611,True,38.0,0.8998316380828072,0.0,0.45238095238095266,0.0,0,True,direct
dynamic_obstacles,105,no_count,all_routes_blocked,2.1,402.1,stop_no_path,True,3,2.0334999999249703,False,,,,,,0,False,no_path
dynamic_obstacles,105,no_count,routes_reopened,4.0,404.0,blocked_or_initial,True,4,0.5345079998733127,True,38.0,0.8998316380828072,0.0,0.45238095238095266,0.0,0,True,direct
dynamic_obstacles,105,no_age,initial,0.0,400.0,blocked_or_initial,False,0,0.6778070001018932,True,38.0,0.8998316380828072,0.0,0.45238095238095266,0.0,0,True,direct
dynamic_obstacles,105,no_age,direct_blocked,0.1,400.1,blocked_or_initial,True,1,1.822230000016134,True,56.48528137423857,0.8997863184563398,0.0,0.6420594836239022,0.0,0,True,detour
dynamic_obstacles,105,no_age,obstacle_removed,2.0,402.0,quality_improvement,True,2,0.6812410001657554,True,38.0,0.8998316380828072,0.0,0.45238095238095266,0.0,0,True,direct
dynamic_obstacles,105,no_age,all_routes_blocked,2.1,402.1,stop_no_path,True,3,1.0778360001495457,False,,,,,,0,False,no_path
dynamic_obstacles,105,no_age,routes_reopened,4.0,404.0,blocked_or_initial,True,4,0.7510310001634934,True,38.0,0.8998316380828072,0.0,0.45238095238095266,0.0,0,True,direct
dynamic_obstacles,106,geometric,initial,0.0,400.0,blocked_or_initial,False,0,0.41532800014465465,True,38.0,0.9006907548852595,0.0,0.0,0.0,0,True,direct
dynamic_obstacles,106,geometric,direct_blocked,0.1,400.1,blocked_or_initial,True,1,1.7058740004358697,True,56.48528137423856,0.8986049242917524,0.0,0.0,0.0,0,True,detour
dynamic_obstacles,106,geometric,obstacle_removed,2.0,402.0,quality_improvement,True,2,1.5795190001881565,True,38.0,0.9006907548852595,0.0,0.0,0.0,0,True,direct
dynamic_obstacles,106,geometric,all_routes_blocked,2.1,402.1,stop_no_path,True,3,2.3685280002609943,False,,,,,,0,False,no_path
dynamic_obstacles,106,geometric,routes_reopened,4.0,404.0,blocked_or_initial,True,4,0.3631569998105988,True,38.0,0.9006907548852595,0.0,0.0,0.0,0,True,direct
dynamic_obstacles,106,linear,initial,0.0,400.0,blocked_or_initial,False,0,1.0543719999986934,True,38.0,0.9006907548852595,0.0,2.988095238095239,0.0,0,True,direct
dynamic_obstacles,106,linear,direct_blocked,0.1,400.1,blocked_or_initial,True,1,2.036714000041684,True,56.48528137423857,0.900173616925142,0.0,4.487068100756765,0.0,0,True,detour
dynamic_obstacles,106,linear,obstacle_removed,2.0,402.0,quality_improvement,True,2,0.9175720001621812,True,38.0,0.9006907548852595,0.0,2.988095238095239,0.0,0,True,direct
dynamic_obstacles,106,linear,all_routes_blocked,2.1,402.1,stop_no_path,True,3,1.051322999956028,False,,,,,,0,False,no_path
dynamic_obstacles,106,linear,routes_reopened,4.0,404.0,blocked_or_initial,True,4,8.10719799983417,True,38.0,0.9006907548852595,0.0,2.988095238095239,0.0,0,True,direct
dynamic_obstacles,106,nonlinear,initial,0.0,400.0,blocked_or_initial,False,0,0.5175819997020881,True,38.0,0.9006907548852595,0.0,0.3015873015873014,0.0,0,True,direct
dynamic_obstacles,106,nonlinear,direct_blocked,0.1,400.1,blocked_or_initial,True,1,1.503190000221366,True,56.48528137423856,0.8998652251062051,0.0,0.45951980108421897,0.0,0,True,detour
dynamic_obstacles,106,nonlinear,obstacle_removed,2.0,402.0,quality_improvement,True,2,0.6379540000125417,True,38.0,0.9006907548852595,0.0,0.3015873015873014,0.0,0,True,direct
dynamic_obstacles,106,nonlinear,all_routes_blocked,2.1,402.1,stop_no_path,True,3,1.3130100001035316,False,,,,,,0,False,no_path
dynamic_obstacles,106,nonlinear,routes_reopened,4.0,404.0,blocked_or_initial,True,4,0.782610999976896,True,38.0,0.9006907548852595,0.0,0.3015873015873014,0.0,0,True,direct
dynamic_obstacles,106,full,initial,0.0,400.0,blocked_or_initial,False,0,0.7942989996081451,True,38.0,0.9006907548852595,0.0,0.4325396825396829,0.0,0,True,direct
dynamic_obstacles,106,full,direct_blocked,0.1,400.1,blocked_or_initial,True,1,12.13704699966911,True,56.48528137423856,0.8995244393107299,0.0,0.6653291702535804,0.0,0,True,detour
dynamic_obstacles,106,full,obstacle_removed,2.0,402.0,quality_improvement,True,2,0.8947800001806172,True,38.0,0.9006907548852595,0.0,0.4325396825396829,0.0,0,True,direct
dynamic_obstacles,106,full,all_routes_blocked,2.1,402.1,stop_no_path,True,3,1.251014999979816,False,,,,,,0,False,no_path
dynamic_obstacles,106,full,routes_reopened,4.0,404.0,blocked_or_initial,True,4,0.8745629997974902,True,38.0,0.9006907548852595,0.0,0.4325396825396829,0.0,0,True,direct
dynamic_obstacles,106,no_variance,initial,0.0,400.0,blocked_or_initial,False,0,0.7533190000685863,True,38.0,0.9006907548852595,0.0,0.3015873015873014,0.0,0,True,direct
dynamic_obstacles,106,no_variance,direct_blocked,0.1,400.1,blocked_or_initial,True,1,2.464092000082019,True,56.48528137423856,0.8998652251062051,0.0,0.45951980108421897,0.0,0,True,detour
dynamic_obstacles,106,no_variance,obstacle_removed,2.0,402.0,quality_improvement,True,2,0.9570800002620672,True,38.0,0.9006907548852595,0.0,0.3015873015873014,0.0,0,True,direct
dynamic_obstacles,106,no_variance,all_routes_blocked,2.1,402.1,stop_no_path,True,3,9.455290999994759,False,,,,,,0,False,no_path
dynamic_obstacles,106,no_variance,routes_reopened,4.0,404.0,blocked_or_initial,True,4,0.6124389997239632,True,38.0,0.9006907548852595,0.0,0.3015873015873014,0.0,0,True,direct
dynamic_obstacles,106,no_count,initial,0.0,400.0,blocked_or_initial,False,0,0.7379100002253836,True,38.0,0.9006907548852595,0.0,0.4325396825396829,0.0,0,True,direct
dynamic_obstacles,106,no_count,direct_blocked,0.1,400.1,blocked_or_initial,True,1,2.115715999934764,True,56.48528137423856,0.8995244393107299,0.0,0.6653291702535804,0.0,0,True,detour
dynamic_obstacles,106,no_count,obstacle_removed,2.0,402.0,quality_improvement,True,2,1.1280349999651662,True,38.0,0.9006907548852595,0.0,0.4325396825396829,0.0,0,True,direct
dynamic_obstacles,106,no_count,all_routes_blocked,2.1,402.1,stop_no_path,True,3,1.4717670001118677,False,,,,,,0,False,no_path
dynamic_obstacles,106,no_count,routes_reopened,4.0,404.0,blocked_or_initial,True,4,9.481767999659496,True,38.0,0.9006907548852595,0.0,0.4325396825396829,0.0,0,True,direct
dynamic_obstacles,106,no_age,initial,0.0,400.0,blocked_or_initial,False,0,0.7598990000587946,True,38.0,0.9006907548852595,0.0,0.4325396825396829,0.0,0,True,direct
dynamic_obstacles,106,no_age,direct_blocked,0.1,400.1,blocked_or_initial,True,1,2.060910000182048,True,56.48528137423856,0.8995244393107299,0.0,0.6653291702535804,0.0,0,True,detour
dynamic_obstacles,106,no_age,obstacle_removed,2.0,402.0,quality_improvement,True,2,0.991689000329643,True,38.0,0.9006907548852595,0.0,0.4325396825396829,0.0,0,True,direct
dynamic_obstacles,106,no_age,all_routes_blocked,2.1,402.1,stop_no_path,True,3,1.585862000410998,False,,,,,,0,False,no_path
dynamic_obstacles,106,no_age,routes_reopened,4.0,404.0,blocked_or_initial,True,4,6.692146000204957,True,38.0,0.9006907548852595,0.0,0.4325396825396829,0.0,0,True,direct
dynamic_obstacles,107,geometric,initial,0.0,400.0,blocked_or_initial,False,0,0.6555030004165019,True,38.0,0.9028103232033918,0.0,0.0,0.0,0,True,direct
dynamic_obstacles,107,geometric,direct_blocked,0.1,400.1,blocked_or_initial,True,1,2.4385370002164564,True,56.48528137423856,0.8997309841676632,0.0,0.0,0.0,0,True,detour
dynamic_obstacles,107,geometric,obstacle_removed,2.0,402.0,quality_improvement,True,2,0.3943730002902157,True,38.0,0.9028103232033918,0.0,0.0,0.0,0,True,direct
dynamic_obstacles,107,geometric,all_routes_blocked,2.1,402.1,stop_no_path,True,3,0.8737620000829338,False,,,,,,0,False,no_path
dynamic_obstacles,107,geometric,routes_reopened,4.0,404.0,blocked_or_initial,True,4,0.3756910000447533,True,38.0,0.9028103232033918,0.0,0.0,0.0,0,True,direct
dynamic_obstacles,107,linear,initial,0.0,400.0,blocked_or_initial,False,0,0.8442680000371183,True,38.0,0.9028103232033918,0.0,2.9246031746031758,0.0,0,True,direct
dynamic_obstacles,107,linear,direct_blocked,0.1,400.1,blocked_or_initial,True,1,11.76237299978311,True,56.48528137423856,0.9010386321482824,0.0,4.424115874444547,0.0,0,True,detour
dynamic_obstacles,107,linear,obstacle_removed,2.0,402.0,quality_improvement,True,2,0.7455630002368707,True,38.0,0.9028103232033918,0.0,2.9246031746031758,0.0,0,True,direct
dynamic_obstacles,107,linear,all_routes_blocked,2.1,402.1,stop_no_path,True,3,0.795541000115918,False,,,,,,0,False,no_path
dynamic_obstacles,107,linear,routes_reopened,4.0,404.0,blocked_or_initial,True,4,0.8723220003048482,True,38.0,0.9028103232033918,0.0,2.9246031746031758,0.0,0,True,direct
dynamic_obstacles,107,nonlinear,initial,0.0,400.0,blocked_or_initial,False,0,0.5490199996529554,True,38.0,0.9028103232033918,0.0,0.30555555555555536,0.0,0,True,direct
dynamic_obstacles,107,nonlinear,direct_blocked,0.1,400.1,blocked_or_initial,True,1,1.7714499999783584,True,56.48528137423856,0.9009843484720285,0.0,0.4339255650988785,0.0,0,True,detour
dynamic_obstacles,107,nonlinear,obstacle_removed,2.0,402.0,quality_improvement,True,2,0.8539870000277006,True,38.0,0.9028103232033918,0.0,0.30555555555555536,0.0,0,True,direct
dynamic_obstacles,107,nonlinear,all_routes_blocked,2.1,402.1,stop_no_path,True,3,1.085448000139877,False,,,,,,0,False,no_path
dynamic_obstacles,107,nonlinear,routes_reopened,4.0,404.0,blocked_or_initial,True,4,0.7334259998970083,True,38.0,0.9028103232033918,0.0,0.30555555555555536,0.0,0,True,direct
dynamic_obstacles,107,full,initial,0.0,400.0,blocked_or_initial,False,0,0.6998979997661081,True,38.0,0.9028103232033918,0.0,0.42063492063492086,0.0,0,True,direct
dynamic_obstacles,107,full,direct_blocked,0.1,400.1,blocked_or_initial,True,1,1.622396000129811,True,56.48528137423856,0.9007497779089718,0.0,0.6365885326062817,0.0,0,True,detour
dynamic_obstacles,107,full,obstacle_removed,2.0,402.0,quality_improvement,True,2,0.7111160002750694,True,38.0,0.9028103232033918,0.0,0.42063492063492086,0.0,0,True,direct
dynamic_obstacles,107,full,all_routes_blocked,2.1,402.1,stop_no_path,True,3,1.1647669998637866,False,,,,,,0,False,no_path
dynamic_obstacles,107,full,routes_reopened,4.0,404.0,blocked_or_initial,True,4,0.8926820000851876,True,38.0,0.9028103232033918,0.0,0.42063492063492086,0.0,0,True,direct
dynamic_obstacles,107,no_variance,initial,0.0,400.0,blocked_or_initial,False,0,0.9475360002397792,True,38.0,0.9028103232033918,0.0,0.30555555555555536,0.0,0,True,direct
dynamic_obstacles,107,no_variance,direct_blocked,0.1,400.1,blocked_or_initial,True,1,4.917375000331958,True,56.48528137423856,0.9009843484720285,0.0,0.4339255650988785,0.0,0,True,detour
dynamic_obstacles,107,no_variance,obstacle_removed,2.0,402.0,quality_improvement,True,2,0.7708580001235532,True,38.0,0.9028103232033918,0.0,0.30555555555555536,0.0,0,True,direct
dynamic_obstacles,107,no_variance,all_routes_blocked,2.1,402.1,stop_no_path,True,3,4.26222800024334,False,,,,,,0,False,no_path
dynamic_obstacles,107,no_variance,routes_reopened,4.0,404.0,blocked_or_initial,True,4,0.6847899999229412,True,38.0,0.9028103232033918,0.0,0.30555555555555536,0.0,0,True,direct
dynamic_obstacles,107,no_count,initial,0.0,400.0,blocked_or_initial,False,0,0.7511809999414254,True,38.0,0.9028103232033918,0.0,0.42063492063492086,0.0,0,True,direct
dynamic_obstacles,107,no_count,direct_blocked,0.1,400.1,blocked_or_initial,True,1,2.1108600003572064,True,56.48528137423856,0.9007497779089718,0.0,0.6326202786380277,0.0,0,True,detour
dynamic_obstacles,107,no_count,obstacle_removed,2.0,402.0,quality_improvement,True,2,1.032970000323985,True,38.0,0.9028103232033918,0.0,0.42063492063492086,0.0,0,True,direct
dynamic_obstacles,107,no_count,all_routes_blocked,2.1,402.1,stop_no_path,True,3,2.6266909999321797,False,,,,,,0,False,no_path
dynamic_obstacles,107,no_count,routes_reopened,4.0,404.0,blocked_or_initial,True,4,0.7714729999861447,True,38.0,0.9028103232033918,0.0,0.42063492063492086,0.0,0,True,direct
dynamic_obstacles,107,no_age,initial,0.0,400.0,blocked_or_initial,False,0,0.837404999856517,True,38.0,0.9028103232033918,0.0,0.42063492063492086,0.0,0,True,direct
dynamic_obstacles,107,no_age,direct_blocked,0.1,400.1,blocked_or_initial,True,1,1.8398529996375146,True,56.48528137423856,0.9007497779089718,0.0,0.6365885326062817,0.0,0,True,detour
dynamic_obstacles,107,no_age,obstacle_removed,2.0,402.0,quality_improvement,True,2,0.8303780000460392,True,38.0,0.9028103232033918,0.0,0.42063492063492086,0.0,0,True,direct
dynamic_obstacles,107,no_age,all_routes_blocked,2.1,402.1,stop_no_path,True,3,1.2236679999659827,False,,,,,,0,False,no_path
dynamic_obstacles,107,no_age,routes_reopened,4.0,404.0,blocked_or_initial,True,4,9.623765000014828,True,38.0,0.9028103232033918,0.0,0.42063492063492086,0.0,0,True,direct
dynamic_obstacles,108,geometric,initial,0.0,400.0,blocked_or_initial,False,0,0.41888999976436025,True,38.0,0.898100097140714,0.0,0.0,0.0,0,True,direct
dynamic_obstacles,108,geometric,direct_blocked,0.1,400.1,blocked_or_initial,True,1,2.1289229998728842,True,56.48528137423856,0.8996150591836426,0.0,0.0,0.0,0,True,detour
dynamic_obstacles,108,geometric,obstacle_removed,2.0,402.0,quality_improvement,True,2,0.6610569998883875,True,38.0,0.898100097140714,0.0,0.0,0.0,0,True,direct
dynamic_obstacles,108,geometric,all_routes_blocked,2.1,402.1,stop_no_path,True,3,1.7898090000016964,False,,,,,,0,False,no_path
dynamic_obstacles,108,geometric,routes_reopened,4.0,404.0,blocked_or_initial,True,4,0.6126739999672282,True,38.0,0.898100097140714,0.0,0.0,0.0,0,True,direct
dynamic_obstacles,108,linear,initial,0.0,400.0,blocked_or_initial,False,0,1.5416979999827163,True,38.0,0.898100097140714,0.0,3.0694444444444455,0.0,0,True,direct
dynamic_obstacles,108,linear,direct_blocked,0.1,400.1,blocked_or_initial,True,1,7.996985999852768,True,56.48528137423857,0.901689619825126,0.0,4.3980402085244465,0.0,0,True,detour
dynamic_obstacles,108,linear,obstacle_removed,2.0,402.0,quality_improvement,True,2,0.6891179996273422,True,38.0,0.898100097140714,0.0,3.0694444444444455,0.0,0,True,direct
dynamic_obstacles,108,linear,all_routes_blocked,2.1,402.1,stop_no_path,True,3,0.837911999951757,False,,,,,,0,False,no_path
dynamic_obstacles,108,linear,routes_reopened,4.0,404.0,blocked_or_initial,True,4,0.8458919996883196,True,38.0,0.898100097140714,0.0,3.0694444444444455,0.0,0,True,direct
dynamic_obstacles,108,nonlinear,initial,0.0,400.0,blocked_or_initial,False,0,0.6024240001352155,True,38.0,0.898100097140714,0.0,0.3015873015873014,0.0,0,True,direct
dynamic_obstacles,108,nonlinear,direct_blocked,0.1,400.1,blocked_or_initial,True,1,1.6855019998729404,True,56.48528137423856,0.9000768401535798,0.0,0.447474031616232,0.0,0,True,detour
dynamic_obstacles,108,nonlinear,obstacle_removed,2.0,402.0,quality_improvement,True,2,0.628690000212373,True,38.0,0.898100097140714,0.0,0.3015873015873014,0.0,0,True,direct
dynamic_obstacles,108,nonlinear,all_routes_blocked,2.1,402.1,stop_no_path,True,3,9.626800999740226,False,,,,,,0,False,no_path
dynamic_obstacles,108,nonlinear,routes_reopened,4.0,404.0,blocked_or_initial,True,4,0.47893099963403074,True,38.0,0.898100097140714,0.0,0.3015873015873014,0.0,0,True,direct
dynamic_obstacles,108,full,initial,0.0,400.0,blocked_or_initial,False,0,0.5410440003288386,True,38.0,0.898100097140714,0.0,0.44047619047619074,0.0,0,True,direct
dynamic_obstacles,108,full,direct_blocked,0.1,400.1,blocked_or_initial,True,1,1.644096999825706,True,56.48528137423857,0.901354189853836,0.0,0.6317984263317319,0.0,0,True,detour
dynamic_obstacles,108,full,obstacle_removed,2.0,402.0,quality_improvement,True,2,0.8369829997718625,True,38.0,0.898100097140714,0.0,0.44047619047619074,0.0,0,True,direct
dynamic_obstacles,108,full,all_routes_blocked,2.1,402.1,stop_no_path,True,3,1.3397909997365787,False,,,,,,0,False,no_path
dynamic_obstacles,108,full,routes_reopened,4.0,404.0,blocked_or_initial,True,4,1.1418770000091172,True,38.0,0.898100097140714,0.0,0.44047619047619074,0.0,0,True,direct
dynamic_obstacles,108,no_variance,initial,0.0,400.0,blocked_or_initial,False,0,0.8270280000033381,True,38.0,0.898100097140714,0.0,0.30555555555555536,0.0,0,True,direct
dynamic_obstacles,108,no_variance,direct_blocked,0.1,400.1,blocked_or_initial,True,1,1.7232850000254984,True,56.48528137423856,0.8998324003940843,0.0,0.45144228558448607,0.0,0,True,detour
dynamic_obstacles,108,no_variance,obstacle_removed,2.0,402.0,quality_improvement,True,2,0.7810229999449803,True,38.0,0.898100097140714,0.0,0.30555555555555536,0.0,0,True,direct
dynamic_obstacles,108,no_variance,all_routes_blocked,2.1,402.1,stop_no_path,True,3,1.7897140000968648,False,,,,,,0,False,no_path
dynamic_obstacles,108,no_variance,routes_reopened,4.0,404.0,blocked_or_initial,True,4,0.9902609999699052,True,38.0,0.898100097140714,0.0,0.30555555555555536,0.0,0,True,direct
dynamic_obstacles,108,no_count,initial,0.0,400.0,blocked_or_initial,False,0,1.4426989996536577,True,38.0,0.898100097140714,0.0,0.44047619047619074,0.0,0,True,direct
dynamic_obstacles,108,no_count,direct_blocked,0.1,400.1,blocked_or_initial,True,1,10.54950000025201,True,56.48528137423857,0.901354189853836,0.0,0.6317984263317319,0.0,0,True,detour
dynamic_obstacles,108,no_count,obstacle_removed,2.0,402.0,quality_improvement,True,2,0.688679000177217,True,38.0,0.898100097140714,0.0,0.44047619047619074,0.0,0,True,direct
dynamic_obstacles,108,no_count,all_routes_blocked,2.1,402.1,stop_no_path,True,3,1.0965970000142988,False,,,,,,0,False,no_path
dynamic_obstacles,108,no_count,routes_reopened,4.0,404.0,blocked_or_initial,True,4,0.8108560000437137,True,38.0,0.898100097140714,0.0,0.44047619047619074,0.0,0,True,direct
dynamic_obstacles,108,no_age,initial,0.0,400.0,blocked_or_initial,False,0,2.224891999958345,True,38.0,0.898100097140714,0.0,0.44047619047619074,0.0,0,True,direct
dynamic_obstacles,108,no_age,direct_blocked,0.1,400.1,blocked_or_initial,True,1,1.3118110000505112,True,56.48528137423857,0.901354189853836,0.0,0.6317984263317319,0.0,0,True,detour
dynamic_obstacles,108,no_age,obstacle_removed,2.0,402.0,quality_improvement,True,2,0.6669340000371449,True,38.0,0.898100097140714,0.0,0.44047619047619074,0.0,0,True,direct
dynamic_obstacles,108,no_age,all_routes_blocked,2.1,402.1,stop_no_path,True,3,1.0483129999556695,False,,,,,,0,False,no_path
dynamic_obstacles,108,no_age,routes_reopened,4.0,404.0,blocked_or_initial,True,4,0.7427059999827179,True,38.0,0.898100097140714,0.0,0.44047619047619074,0.0,0,True,direct
dynamic_obstacles,109,geometric,initial,0.0,400.0,blocked_or_initial,False,0,0.4091339997103205,True,38.0,0.900038336767553,0.0,0.0,0.0,0,True,direct
dynamic_obstacles,109,geometric,direct_blocked,0.1,400.1,blocked_or_initial,True,1,1.6085919996839948,True,56.48528137423856,0.9010077335596017,0.0,0.0,0.0,0,True,detour
dynamic_obstacles,109,geometric,obstacle_removed,2.0,402.0,quality_improvement,True,2,0.4343680002421024,True,38.0,0.900038336767553,0.0,0.0,0.0,0,True,direct
dynamic_obstacles,109,geometric,all_routes_blocked,2.1,402.1,stop_no_path,True,3,0.9423669998795958,False,,,,,,0,False,no_path
dynamic_obstacles,109,geometric,routes_reopened,4.0,404.0,blocked_or_initial,True,4,0.35285899957671063,True,38.0,0.900038336767553,0.0,0.0,0.0,0,True,direct
dynamic_obstacles,109,linear,initial,0.0,400.0,blocked_or_initial,False,0,0.8886189998520422,True,38.0,0.900038336767553,0.0,3.019841269841271,0.0,0,True,direct
dynamic_obstacles,109,linear,direct_blocked,0.1,400.1,blocked_or_initial,True,1,1.7854729999271512,True,56.48528137423856,0.9024565387584661,0.0,4.3785393610547105,0.0,0,True,detour
dynamic_obstacles,109,linear,obstacle_removed,2.0,402.0,quality_improvement,True,2,1.250788000106695,True,38.0,0.900038336767553,0.0,3.019841269841271,0.0,0,True,direct
dynamic_obstacles,109,linear,all_routes_blocked,2.1,402.1,stop_no_path,True,3,2.030892000220774,False,,,,,,0,False,no_path
dynamic_obstacles,109,linear,routes_reopened,4.0,404.0,blocked_or_initial,True,4,2.601158999823383,True,38.0,0.900038336767553,0.0,3.019841269841271,0.0,0,True,direct
dynamic_obstacles,109,nonlinear,initial,0.0,400.0,blocked_or_initial,False,0,0.8706479998181749,True,38.0,0.900038336767553,0.0,0.3095238095238094,0.0,0,True,direct
dynamic_obstacles,109,nonlinear,direct_blocked,0.1,400.1,blocked_or_initial,True,1,1.367961000141804,True,56.48528137423856,0.9019901028058672,0.0,0.43625011445454087,0.0,0,True,detour
dynamic_obstacles,109,nonlinear,obstacle_removed,2.0,402.0,quality_improvement,True,2,0.9593210002094565,True,38.0,0.900038336767553,0.0,0.3095238095238094,0.0,0,True,direct
dynamic_obstacles,109,nonlinear,all_routes_blocked,2.1,402.1,stop_no_path,True,3,1.120242000069993,False,,,,,,0,False,no_path
dynamic_obstacles,109,nonlinear,routes_reopened,4.0,404.0,blocked_or_initial,True,4,0.5830169998262136,True,38.0,0.900038336767553,0.0,0.3095238095238094,0.0,0,True,direct
dynamic_obstacles,109,full,initial,0.0,400.0,blocked_or_initial,False,0,0.7098989999576588,True,38.0,0.900038336767553,0.0,0.45238095238095266,0.0,0,True,direct
dynamic_obstacles,109,full,direct_blocked,0.1,400.1,blocked_or_initial,True,1,1.8444820002514462,True,56.48528137423856,0.9022428330844049,0.0,0.6278301723634779,0.0,0,True,detour
dynamic_obstacles,109,full,obstacle_removed,2.0,402.0,quality_improvement,True,2,2.559802000178024,True,38.0,0.900038336767553,0.0,0.45238095238095266,0.0,0,True,direct
dynamic_obstacles,109,full,all_routes_blocked,2.1,402.1,stop_no_path,True,3,1.8236189998788177,False,,,,,,0,False,no_path
dynamic_obstacles,109,full,routes_reopened,4.0,404.0,blocked_or_initial,True,4,4.130665000047884,True,38.0,0.900038336767553,0.0,0.45238095238095266,0.0,0,True,direct
dynamic_obstacles,109,no_variance,initial,0.0,400.0,blocked_or_initial,False,0,0.4375039998194552,True,38.0,0.900038336767553,0.0,0.3095238095238094,0.0,0,True,direct
dynamic_obstacles,109,no_variance,direct_blocked,0.1,400.1,blocked_or_initial,True,1,1.533840999854874,True,56.48528137423856,0.9019901028058672,0.0,0.43625011445454087,0.0,0,True,detour
dynamic_obstacles,109,no_variance,obstacle_removed,2.0,402.0,quality_improvement,True,2,0.7830350000403996,True,38.0,0.900038336767553,0.0,0.3095238095238094,0.0,0,True,direct
dynamic_obstacles,109,no_variance,all_routes_blocked,2.1,402.1,stop_no_path,True,3,1.2903070000902517,False,,,,,,0,False,no_path
dynamic_obstacles,109,no_variance,routes_reopened,4.0,404.0,blocked_or_initial,True,4,0.7695499998590094,True,38.0,0.900038336767553,0.0,0.3095238095238094,0.0,0,True,direct
dynamic_obstacles,109,no_count,initial,0.0,400.0,blocked_or_initial,False,0,0.7634630001120968,True,38.0,0.900038336767553,0.0,0.45238095238095266,0.0,0,True,direct
dynamic_obstacles,109,no_count,direct_blocked,0.1,400.1,blocked_or_initial,True,1,1.3409390003289445,True,56.48528137423856,0.9024119628793081,0.0,0.6198936644269699,0.0,0,True,detour
dynamic_obstacles,109,no_count,obstacle_removed,2.0,402.0,quality_improvement,True,2,0.7985080001162714,True,38.0,0.900038336767553,0.0,0.45238095238095266,0.0,0,True,direct
dynamic_obstacles,109,no_count,all_routes_blocked,2.1,402.1,stop_no_path,True,3,1.1824459998024395,False,,,,,,0,False,no_path
dynamic_obstacles,109,no_count,routes_reopened,4.0,404.0,blocked_or_initial,True,4,0.9142100002463849,True,38.0,0.900038336767553,0.0,0.45238095238095266,0.0,0,True,direct
dynamic_obstacles,109,no_age,initial,0.0,400.0,blocked_or_initial,False,0,0.8663069997965067,True,38.0,0.900038336767553,0.0,0.45238095238095266,0.0,0,True,direct
dynamic_obstacles,109,no_age,direct_blocked,0.1,400.1,blocked_or_initial,True,1,2.06542099977014,True,56.48528137423856,0.9022428330844049,0.0,0.6278301723634779,0.0,0,True,detour
dynamic_obstacles,109,no_age,obstacle_removed,2.0,402.0,quality_improvement,True,2,9.035579999817855,True,38.0,0.900038336767553,0.0,0.45238095238095266,0.0,0,True,direct
dynamic_obstacles,109,no_age,all_routes_blocked,2.1,402.1,stop_no_path,True,3,1.1651279996840458,False,,,,,,0,False,no_path
dynamic_obstacles,109,no_age,routes_reopened,4.0,404.0,blocked_or_initial,True,4,0.8316869998452603,True,38.0,0.900038336767553,0.0,0.45238095238095266,0.0,0,True,direct
quality_change,100,geometric,initial,0.0,400.0,blocked_or_initial,False,0,0.4574189997583744,True,38.0,0.8997179018672018,0.0,0.0,0.0,0,True,direct
quality_change,100,geometric,quality_deteriorates,2.0,402.0,held_hysteresis,False,0,0.5667710001944215,True,38.0,0.29613144583257167,27.0,0.0,0.0,0,True,direct
quality_change,100,geometric,quality_recovers,4.0,404.0,held_hysteresis,False,0,0.32261500018648803,True,38.0,0.8997179018672018,0.0,0.0,0.0,0,True,direct
quality_change,100,linear,initial,0.0,400.0,blocked_or_initial,False,0,0.8324130003529717,True,38.0,0.8997179018672018,0.0,3.03373015873016,0.0,0,True,direct
quality_change,100,linear,quality_deteriorates,2.0,402.0,quality_improvement,True,1,2.0277869998608367,True,56.48528137423857,0.9018599913023024,0.0,4.394212962119417,0.0,0,True,detour
quality_change,100,linear,quality_recovers,4.0,404.0,quality_improvement,True,2,3.710582000167051,True,38.0,0.8997179018672018,0.0,3.03373015873016,0.0,0,True,direct
quality_change,100,nonlinear,initial,0.0,400.0,blocked_or_initial,False,0,0.5155730000296899,True,38.0,0.8997179018672018,0.0,0.3015873015873014,0.0,0,True,direct
quality_change,100,nonlinear,quality_deteriorates,2.0,402.0,quality_improvement,True,1,1.4240939999581315,True,56.48528137423857,0.9009776776729489,0.0,0.45541053955274,0.0,0,True,detour
quality_change,100,nonlinear,quality_recovers,4.0,404.0,quality_improvement,True,2,0.7758959995953774,True,38.0,0.8997179018672018,0.0,0.3015873015873014,0.0,0,True,direct
quality_change,100,full,initial,0.0,400.0,blocked_or_initial,False,0,0.6942339996385272,True,38.0,0.8997179018672018,0.0,0.44444444444444486,0.0,0,True,direct
quality_change,100,full,quality_deteriorates,2.0,402.0,quality_improvement,True,1,1.9618359997366497,True,56.48528137423856,0.9017782394339952,0.0,0.6294738769760696,0.0,0,True,detour
quality_change,100,full,quality_recovers,4.0,404.0,quality_improvement,True,2,1.222356000198488,True,38.0,0.8997179018672018,0.0,0.44444444444444486,0.0,0,True,direct
quality_change,100,no_variance,initial,0.0,400.0,blocked_or_initial,False,0,0.6097870000303374,True,38.0,0.8997179018672018,0.0,0.3015873015873014,0.0,0,True,direct
quality_change,100,no_variance,quality_deteriorates,2.0,402.0,quality_improvement,True,1,1.8010139997386432,True,56.48528137423857,0.9007125892595009,0.0,0.45855694121469814,0.0,0,True,detour
quality_change,100,no_variance,quality_recovers,4.0,404.0,quality_improvement,True,2,0.669824999931734,True,38.0,0.8997179018672018,0.0,0.3015873015873014,0.0,0,True,direct
quality_change,100,no_count,initial,0.0,400.0,blocked_or_initial,False,0,0.6546650001837406,True,38.0,0.8997179018672018,0.0,0.44444444444444486,0.0,0,True,direct
quality_change,100,no_count,quality_deteriorates,2.0,402.0,quality_improvement,True,1,1.8692290000217326,True,56.48528137423856,0.9017782394339952,0.0,0.6294738769760696,0.0,0,True,detour
quality_change,100,no_count,quality_recovers,4.0,404.0,quality_improvement,True,2,0.7725510004092939,True,38.0,0.8997179018672018,0.0,0.44444444444444486,0.0,0,True,direct
quality_change,100,no_age,initial,0.0,400.0,blocked_or_initial,False,0,0.6982120003158343,True,38.0,0.8997179018672018,0.0,0.44444444444444486,0.0,0,True,direct
quality_change,100,no_age,quality_deteriorates,2.0,402.0,quality_improvement,True,1,8.048674000292522,True,56.48528137423856,0.9017782394339952,0.0,0.6294738769760696,0.0,0,True,detour
quality_change,100,no_age,quality_recovers,4.0,404.0,quality_improvement,True,2,0.6536959999721148,True,38.0,0.8997179018672018,0.0,0.44444444444444486,0.0,0,True,direct
quality_change,101,geometric,initial,0.0,400.0,blocked_or_initial,False,0,0.31800200031284476,True,38.0,0.9009235332132979,0.0,0.0,0.0,0,True,direct
quality_change,101,geometric,quality_deteriorates,2.0,402.0,held_hysteresis,False,0,0.4609490001712402,True,38.0,0.2962839283095594,27.0,0.0,0.0,0,True,direct
quality_change,101,geometric,quality_recovers,4.0,404.0,held_hysteresis,False,0,0.46075999989625416,True,38.0,0.9009235332132979,0.0,0.0,0.0,0,True,direct
quality_change,101,linear,initial,0.0,400.0,blocked_or_initial,False,0,0.9881829996629676,True,38.0,0.9009235332132979,0.0,2.9841269841269855,0.0,0,True,direct
quality_change,101,linear,quality_deteriorates,2.0,402.0,quality_improvement,True,1,2.2384200001397403,True,56.48528137423856,0.9020996000398159,0.0,4.388941425910107,0.0,0,True,detour
quality_change,101,linear,quality_recovers,4.0,404.0,quality_improvement,True,2,1.3095069998598774,True,38.0,0.9009235332132979,0.0,2.9841269841269855,0.0,0,True,direct
quality_change,101,nonlinear,initial,0.0,400.0,blocked_or_initial,False,0,7.256343999870296,True,38.0,0.9009235332132979,0.0,0.2936507936507935,0.0,0,True,direct
quality_change,101,nonlinear,quality_deteriorates,2.0,402.0,quality_improvement,True,1,2.211097999861522,True,56.48528137423856,0.900996869559616,0.0,0.45623239185903586,0.0,0,True,detour
quality_change,101,nonlinear,quality_recovers,4.0,404.0,quality_improvement,True,2,0.942907000080595,True,38.0,0.9009235332132979,0.0,0.2936507936507935,0.0,0,True,direct
quality_change,101,full,initial,0.0,400.0,blocked_or_initial,False,0,1.0555329999988317,True,38.0,0.9009235332132979,0.0,0.4285714285714288,0.0,0,True,direct
quality_change,101,full,quality_deteriorates,2.0,402.0,quality_improvement,True,1,12.13101600023947,True,56.48528137423857,0.9012559389076762,0.0,0.6357666802999858,0.0,0,True,detour
quality_change,101,full,quality_recovers,4.0,404.0,quality_improvement,True,2,0.7207349999589496,True,38.0,0.9009235332132979,0.0,0.4285714285714288,0.0,0,True,direct
quality_change,101,no_variance,initial,0.0,400.0,blocked_or_initial,False,0,0.8907890000955376,True,38.0,0.9009235332132979,0.0,0.2936507936507935,0.0,0,True,direct
quality_change,101,no_variance,quality_deteriorates,2.0,402.0,quality_improvement,True,1,2.328191999822593,True,56.48528137423856,0.900996869559616,0.0,0.45623239185903586,0.0,0,True,detour
quality_change,101,no_variance,quality_recovers,4.0,404.0,quality_improvement,True,2,1.1059280000154104,True,38.0,0.9009235332132979,0.0,0.2936507936507935,0.0,0,True,direct
quality_change,101,no_count,initial,0.0,400.0,blocked_or_initial,False,0,1.1262779999015038,True,38.0,0.9009235332132979,0.0,0.4285714285714288,0.0,0,True,direct
quality_change,101,no_count,quality_deteriorates,2.0,402.0,quality_improvement,True,1,8.691624000221054,True,56.48528137423857,0.9012559389076762,0.0,0.6357666802999858,0.0,0,True,detour
quality_change,101,no_count,quality_recovers,4.0,404.0,quality_improvement,True,2,1.839398999891273,True,38.0,0.9009235332132979,0.0,0.4285714285714288,0.0,0,True,direct
quality_change,101,no_age,initial,0.0,400.0,blocked_or_initial,False,0,0.6811960001869011,True,38.0,0.9009235332132979,0.0,0.4285714285714288,0.0,0,True,direct
quality_change,101,no_age,quality_deteriorates,2.0,402.0,quality_improvement,True,1,1.766481000231579,True,56.48528137423857,0.9012559389076762,0.0,0.6357666802999858,0.0,0,True,detour
quality_change,101,no_age,quality_recovers,4.0,404.0,quality_improvement,True,2,1.113022000026831,True,38.0,0.9009235332132979,0.0,0.4285714285714288,0.0,0,True,direct
quality_change,102,geometric,initial,0.0,400.0,blocked_or_initial,False,0,0.5454480001390039,True,38.0,0.8990472561589457,0.0,0.0,0.0,0,True,direct
quality_change,102,geometric,quality_deteriorates,2.0,402.0,held_hysteresis,False,0,0.6177889999889885,True,38.0,0.295069416936682,27.0,0.0,0.0,0,True,direct
quality_change,102,geometric,quality_recovers,4.0,404.0,held_hysteresis,False,0,0.6098630001361016,True,38.0,0.8990472561589457,0.0,0.0,0.0,0,True,direct
quality_change,102,linear,initial,0.0,400.0,blocked_or_initial,False,0,3.2522779997634643,True,38.0,0.8990472561589457,0.0,3.0575396825396837,0.0,0,True,direct
quality_change,102,linear,quality_deteriorates,2.0,402.0,quality_improvement,True,1,1.91166600006909,True,56.48528137423856,0.9001704312092221,0.0,4.502999523874866,0.0,0,True,detour
quality_change,102,linear,quality_recovers,4.0,404.0,quality_improvement,True,2,1.212766000207921,True,38.0,0.8990472561589457,0.0,3.0575396825396837,0.0,0,True,direct
quality_change,102,nonlinear,initial,0.0,400.0,blocked_or_initial,False,0,0.8209749998968618,True,38.0,0.8990472561589457,0.0,0.3035714285714285,0.0,0,True,direct
quality_change,102,nonlinear,quality_deteriorates,2.0,402.0,quality_improvement,True,1,3.844428999855154,True,56.48528137423856,0.8995214922017276,0.0,0.4526045602623172,0.0,0,True,detour
quality_change,102,nonlinear,quality_recovers,4.0,404.0,quality_improvement,True,2,0.5435520001810801,True,38.0,0.8990472561589457,0.0,0.3035714285714285,0.0,0,True,direct
quality_change,102,full,initial,0.0,400.0,blocked_or_initial,False,0,0.5342269996617688,True,38.0,0.8990472561589457,0.0,0.4464285714285716,0.0,0,True,direct
quality_change,102,full,quality_deteriorates,2.0,402.0,quality_improvement,True,1,1.9438640001681051,True,56.48528137423856,0.8999106795374221,0.0,0.6592357817379743,0.0,0,True,detour
quality_change,102,full,quality_recovers,4.0,404.0,quality_improvement,True,2,0.8399819998885505,True,38.0,0.8990472561589457,0.0,0.4464285714285716,0.0,0,True,direct
quality_change,102,no_variance,initial,0.0,400.0,blocked_or_initial,False,0,0.6424079997486842,True,38.0,0.8990472561589457,0.0,0.3035714285714285,0.0,0,True,direct
quality_change,102,no_variance,quality_deteriorates,2.0,402.0,quality_improvement,True,1,2.0641170003727893,True,56.48528137423856,0.8995214922017276,0.0,0.4526045602623172,0.0,0,True,detour
quality_change,102,no_variance,quality_recovers,4.0,404.0,quality_improvement,True,2,0.6094259997553308,True,38.0,0.8990472561589457,0.0,0.3035714285714285,0.0,0,True,direct
quality_change,102,no_count,initial,0.0,400.0,blocked_or_initial,False,0,0.6153310000627243,True,38.0,0.8990472561589457,0.0,0.4464285714285716,0.0,0,True,direct
quality_change,102,no_count,quality_deteriorates,2.0,402.0,quality_improvement,True,1,9.716149999803747,True,56.48528137423856,0.8999106795374221,0.0,0.6592357817379743,0.0,0,True,detour
quality_change,102,no_count,quality_recovers,4.0,404.0,quality_improvement,True,2,0.8772589999352931,True,38.0,0.8990472561589457,0.0,0.4464285714285716,0.0,0,True,direct
quality_change,102,no_age,initial,0.0,400.0,blocked_or_initial,False,0,0.8131050003612472,True,38.0,0.8990472561589457,0.0,0.4464285714285716,0.0,0,True,direct
quality_change,102,no_age,quality_deteriorates,2.0,402.0,quality_improvement,True,1,2.431060000162688,True,56.48528137423856,0.8999106795374221,0.0,0.6592357817379743,0.0,0,True,detour
quality_change,102,no_age,quality_recovers,4.0,404.0,quality_improvement,True,2,1.1689069997373736,True,38.0,0.8990472561589457,0.0,0.4464285714285716,0.0,0,True,direct
quality_change,103,geometric,initial,0.0,400.0,blocked_or_initial,False,0,0.5421199998636439,True,38.0,0.8999272004092669,0.0,0.0,0.0,0,True,direct
quality_change,103,geometric,quality_deteriorates,2.0,402.0,held_hysteresis,False,0,11.131064999972295,True,38.0,0.2959854444342942,27.0,0.0,0.0,0,True,direct
quality_change,103,geometric,quality_recovers,4.0,404.0,held_hysteresis,False,0,0.3547690002960735,True,38.0,0.8999272004092669,0.0,0.0,0.0,0,True,direct
quality_change,103,linear,initial,0.0,400.0,blocked_or_initial,False,0,0.8031779998418642,True,38.0,0.8999272004092669,0.0,3.023809523809525,0.0,0,True,direct
quality_change,103,linear,quality_deteriorates,2.0,402.0,quality_improvement,True,1,2.329901999928552,True,56.48528137423856,0.9021587731437958,0.0,4.396056081540317,0.0,0,True,detour
quality_change,103,linear,quality_recovers,4.0,404.0,quality_improvement,True,2,1.4453920002779341,True,38.0,0.8999272004092669,0.0,3.023809523809525,0.0,0,True,direct
quality_change,103,nonlinear,initial,0.0,400.0,blocked_or_initial,False,0,0.8265090000350028,True,38.0,0.8999272004092669,0.0,0.30555555555555536,0.0,0,True,direct
quality_change,103,nonlinear,quality_deteriorates,2.0,402.0,quality_improvement,True,1,2.083452000078978,True,56.48528137423856,0.9016783241967313,0.0,0.4347474174051742,0.0,0,True,detour
quality_change,103,nonlinear,quality_recovers,4.0,404.0,quality_improvement,True,2,8.645594999961759,True,38.0,0.8999272004092669,0.0,0.30555555555555536,0.0,0,True,direct
quality_change,103,full,initial,0.0,400.0,blocked_or_initial,False,0,0.6243990001166821,True,38.0,0.8999272004092669,0.0,0.44444444444444475,0.0,0,True,direct
quality_change,103,full,quality_deteriorates,2.0,402.0,quality_improvement,True,1,1.4545700000780926,True,56.48528137423856,0.9020108984359384,0.0,0.6223592213458575,0.0,0,True,detour
quality_change,103,full,quality_recovers,4.0,404.0,quality_improvement,True,2,0.6992540002102032,True,38.0,0.8999272004092669,0.0,0.44444444444444475,0.0,0,True,direct
quality_change,103,no_variance,initial,0.0,400.0,blocked_or_initial,False,0,0.6908119999025075,True,38.0,0.8999272004092669,0.0,0.30555555555555536,0.0,0,True,direct
quality_change,103,no_variance,quality_deteriorates,2.0,402.0,quality_improvement,True,1,1.991704999909416,True,56.48528137423856,0.9016783241967313,0.0,0.43871567137342815,0.0,0,True,detour
quality_change,103,no_variance,quality_recovers,4.0,404.0,quality_improvement,True,2,0.8172129996637523,True,38.0,0.8999272004092669,0.0,0.30555555555555536,0.0,0,True,direct
quality_change,103,no_count,initial,0.0,400.0,blocked_or_initial,False,0,10.894049000398809,True,38.0,0.8999272004092669,0.0,0.44444444444444475,0.0,0,True,direct
quality_change,103,no_count,quality_deteriorates,2.0,402.0,quality_improvement,True,1,1.768432000062603,True,56.48528137423856,0.9020108984359384,0.0,0.6223592213458575,0.0,0,True,detour
quality_change,103,no_count,quality_recovers,4.0,404.0,quality_improvement,True,2,0.9197620001941686,True,38.0,0.8999272004092669,0.0,0.44444444444444475,0.0,0,True,direct
quality_change,103,no_age,initial,0.0,400.0,blocked_or_initial,False,0,0.9914100000969484,True,38.0,0.8999272004092669,0.0,0.44444444444444475,0.0,0,True,direct
quality_change,103,no_age,quality_deteriorates,2.0,402.0,quality_improvement,True,1,22.631053999703,True,56.48528137423856,0.9020108984359384,0.0,0.6223592213458575,0.0,0,True,detour
quality_change,103,no_age,quality_recovers,4.0,404.0,quality_improvement,True,2,0.9021529999699851,True,38.0,0.8999272004092669,0.0,0.44444444444444475,0.0,0,True,direct
quality_change,104,geometric,initial,0.0,400.0,blocked_or_initial,False,0,0.4553650001071219,True,38.0,0.899212307575023,0.0,0.0,0.0,0,True,direct
quality_change,104,geometric,quality_deteriorates,2.0,402.0,held_hysteresis,False,0,0.48615300011078943,True,38.0,0.29584435033905965,27.0,0.0,0.0,0,True,direct
quality_change,104,geometric,quality_recovers,4.0,404.0,held_hysteresis,False,0,0.5582200001299498,True,38.0,0.899212307575023,0.0,0.0,0.0,0,True,direct
quality_change,104,linear,initial,0.0,400.0,blocked_or_initial,False,0,1.2118770000597578,True,38.0,0.899212307575023,0.0,3.039682539682541,0.0,0,True,direct
quality_change,104,linear,quality_deteriorates,2.0,402.0,quality_improvement,True,1,2.1318139997674734,True,56.48528137423856,0.9002400352592081,0.0,4.483498676405131,0.0,0,True,detour
quality_change,104,linear,quality_recovers,4.0,404.0,quality_improvement,True,2,2.731512000082148,True,38.0,0.899212307575023,0.0,3.039682539682541,0.0,0,True,direct
quality_change,104,nonlinear,initial,0.0,400.0,blocked_or_initial,False,0,0.5124389999764389,True,38.0,0.899212307575023,0.0,0.31746031746031733,0.0,0,True,direct
quality_change,104,nonlinear,quality_deteriorates,2.0,402.0,quality_improvement,True,1,1.462093999634817,True,56.48528137423856,0.8998518751352786,0.0,0.447474031616232,0.0,0,True,detour
quality_change,104,nonlinear,quality_recovers,4.0,404.0,quality_improvement,True,2,0.7089420000738755,True,38.0,0.899212307575023,0.0,0.31746031746031733,0.0,0,True,direct
quality_change,104,full,initial,0.0,400.0,blocked_or_initial,False,0,0.8961439998529386,True,38.0,0.899212307575023,0.0,0.4484126984126986,0.0,0,True,direct
quality_change,104,full,quality_deteriorates,2.0,402.0,quality_improvement,True,1,1.8773669999063713,True,56.48528137423856,0.9000128955377767,0.0,0.6405567865745357,0.0,0,True,detour
quality_change,104,full,quality_recovers,4.0,404.0,quality_improvement,True,2,5.645928999911121,True,38.0,0.899212307575023,0.0,0.4484126984126986,0.0,0,True,direct
quality_change,104,no_variance,initial,0.0,400.0,blocked_or_initial,False,0,0.7516860000578163,True,38.0,0.899212307575023,0.0,0.31746031746031733,0.0,0,True,direct
quality_change,104,no_variance,quality_deteriorates,2.0,402.0,quality_improvement,True,1,1.7696300001261989,True,56.48528137423856,0.8998518751352786,0.0,0.447474031616232,0.0,0,True,detour
quality_change,104,no_variance,quality_recovers,4.0,404.0,quality_improvement,True,2,0.6980929997553176,True,38.0,0.899212307575023,0.0,0.31746031746031733,0.0,0,True,direct
quality_change,104,no_count,initial,0.0,400.0,blocked_or_initial,False,0,0.752069000100164,True,38.0,0.899212307575023,0.0,0.4484126984126986,0.0,0,True,direct
quality_change,104,no_count,quality_deteriorates,2.0,402.0,quality_improvement,True,1,10.84428600006504,True,56.48528137423856,0.9000128955377767,0.0,0.6405567865745357,0.0,0,True,detour
quality_change,104,no_count,quality_recovers,4.0,404.0,quality_improvement,True,2,0.5848929999956454,True,38.0,0.899212307575023,0.0,0.4484126984126986,0.0,0,True,direct
quality_change,104,no_age,initial,0.0,400.0,blocked_or_initial,False,0,0.5811480000375013,True,38.0,0.899212307575023,0.0,0.4484126984126986,0.0,0,True,direct
quality_change,104,no_age,quality_deteriorates,2.0,402.0,quality_improvement,True,1,1.853076000315923,True,56.48528137423856,0.9000128955377767,0.0,0.6405567865745357,0.0,0,True,detour
quality_change,104,no_age,quality_recovers,4.0,404.0,quality_improvement,True,2,0.8416609998675995,True,38.0,0.899212307575023,0.0,0.4484126984126986,0.0,0,True,direct
quality_change,105,geometric,initial,0.0,400.0,blocked_or_initial,False,0,0.4798869999831368,True,38.0,0.8998316380828072,0.0,0.0,0.0,0,True,direct
quality_change,105,geometric,quality_deteriorates,2.0,402.0,held_hysteresis,False,0,0.3980850001426006,True,38.0,0.29614081099171424,27.0,0.0,0.0,0,True,direct
quality_change,105,geometric,quality_recovers,4.0,404.0,held_hysteresis,False,0,0.3671909998956835,True,38.0,0.8998316380828072,0.0,0.0,0.0,0,True,direct
quality_change,105,linear,initial,0.0,400.0,blocked_or_initial,False,0,1.0856640001293272,True,38.0,0.8998316380828072,0.0,3.03373015873016,0.0,0,True,direct
quality_change,105,linear,quality_deteriorates,2.0,402.0,quality_improvement,True,1,9.898137000163842,True,56.48528137423857,0.8997863184563398,0.0,4.477804117506146,0.0,0,True,detour
quality_change,105,linear,quality_recovers,4.0,404.0,quality_improvement,True,2,1.1558269998204196,True,38.0,0.8998316380828072,0.0,3.03373015873016,0.0,0,True,direct
quality_change,105,nonlinear,initial,0.0,400.0,blocked_or_initial,False,0,0.7583510000586102,True,38.0,0.8998316380828072,0.0,0.31547619047619035,0.0,0,True,direct
quality_change,105,nonlinear,quality_deteriorates,2.0,402.0,quality_improvement,True,1,2.659073999893735,True,56.48528137423856,0.8989225661423029,0.0,0.44069979835755524,0.0,0,True,detour
quality_change,105,nonlinear,quality_recovers,4.0,404.0,quality_improvement,True,2,2.1514539998861437,True,38.0,0.8998316380828072,0.0,0.31547619047619035,0.0,0,True,direct
quality_change,105,full,initial,0.0,400.0,blocked_or_initial,False,0,2.9572119997283153,True,38.0,0.8998316380828072,0.0,0.45238095238095266,0.0,0,True,direct
quality_change,105,full,quality_deteriorates,2.0,402.0,quality_improvement,True,1,1.7491389999122475,True,56.48528137423857,0.8997863184563398,0.0,0.6420594836239022,0.0,0,True,detour
quality_change,105,full,quality_recovers,4.0,404.0,quality_improvement,True,2,0.8186200002455735,True,38.0,0.8998316380828072,0.0,0.45238095238095266,0.0,0,True,direct
quality_change,105,no_variance,initial,0.0,400.0,blocked_or_initial,False,0,0.8159160001923738,True,38.0,0.8998316380828072,0.0,0.31547619047619035,0.0,0,True,direct
quality_change,105,no_variance,quality_deteriorates,2.0,402.0,quality_improvement,True,1,4.706330999852071,True,56.48528137423856,0.8989225661423029,0.0,0.44069979835755524,0.0,0,True,detour
quality_change,105,no_variance,quality_recovers,4.0,404.0,quality_improvement,True,2,0.6891620000715193,True,38.0,0.8998316380828072,0.0,0.31547619047619035,0.0,0,True,direct
quality_change,105,no_count,initial,0.0,400.0,blocked_or_initial,False,0,0.543920999916736,True,38.0,0.8998316380828072,0.0,0.45238095238095266,0.0,0,True,direct
quality_change,105,no_count,quality_deteriorates,2.0,402.0,quality_improvement,True,1,1.563478999742074,True,56.48528137423857,0.8997863184563398,0.0,0.6420594836239022,0.0,0,True,detour
quality_change,105,no_count,quality_recovers,4.0,404.0,quality_improvement,True,2,0.7960030002323037,True,38.0,0.8998316380828072,0.0,0.45238095238095266,0.0,0,True,direct
quality_change,105,no_age,initial,0.0,400.0,blocked_or_initial,False,0,0.7880289999775414,True,38.0,0.8998316380828072,0.0,0.45238095238095266,0.0,0,True,direct
quality_change,105,no_age,quality_deteriorates,2.0,402.0,quality_improvement,True,1,1.7637150003793067,True,56.48528137423857,0.8997863184563398,0.0,0.6420594836239022,0.0,0,True,detour
quality_change,105,no_age,quality_recovers,4.0,404.0,quality_improvement,True,2,0.9378250001645938,True,38.0,0.8998316380828072,0.0,0.45238095238095266,0.0,0,True,direct
quality_change,106,geometric,initial,0.0,400.0,blocked_or_initial,False,0,9.678385999905004,True,38.0,0.9006907548852595,0.0,0.0,0.0,0,True,direct
quality_change,106,geometric,quality_deteriorates,2.0,402.0,held_hysteresis,False,0,0.4340089999459451,True,38.0,0.2962577468706401,27.0,0.0,0.0,0,True,direct
quality_change,106,geometric,quality_recovers,4.0,404.0,held_hysteresis,False,0,0.46634099999209866,True,38.0,0.9006907548852595,0.0,0.0,0.0,0,True,direct
quality_change,106,linear,initial,0.0,400.0,blocked_or_initial,False,0,1.1838730001727527,True,38.0,0.9006907548852595,0.0,2.988095238095239,0.0,0,True,direct
quality_change,106,linear,quality_deteriorates,2.0,402.0,quality_improvement,True,1,2.6376600003459316,True,56.48528137423857,0.900173616925142,0.0,4.487068100756765,0.0,0,True,detour
quality_change,106,linear,quality_recovers,4.0,404.0,quality_improvement,True,2,1.2061050001648255,True,38.0,0.9006907548852595,0.0,2.988095238095239,0.0,0,True,direct
quality_change,106,nonlinear,initial,0.0,400.0,blocked_or_initial,False,0,0.8969610003077833,True,38.0,0.9006907548852595,0.0,0.3015873015873014,0.0,0,True,direct
quality_change,106,nonlinear,quality_deteriorates,2.0,402.0,quality_improvement,True,1,11.56963400035238,True,56.48528137423856,0.8998652251062051,0.0,0.45951980108421897,0.0,0,True,detour
quality_change,106,nonlinear,quality_recovers,4.0,404.0,quality_improvement,True,2,0.9522020000076736,True,38.0,0.9006907548852595,0.0,0.3015873015873014,0.0,0,True,direct
quality_change,106,full,initial,0.0,400.0,blocked_or_initial,False,0,0.8761639996919257,True,38.0,0.9006907548852595,0.0,0.4325396825396829,0.0,0,True,direct
quality_change,106,full,quality_deteriorates,2.0,402.0,quality_improvement,True,1,11.012897999989946,True,56.48528137423856,0.8995244393107299,0.0,0.6653291702535804,0.0,0,True,detour
quality_change,106,full,quality_recovers,4.0,404.0,quality_improvement,True,2,0.6753679999746964,True,38.0,0.9006907548852595,0.0,0.4325396825396829,0.0,0,True,direct
quality_change,106,no_variance,initial,0.0,400.0,blocked_or_initial,False,0,0.7385509998130146,True,38.0,0.9006907548852595,0.0,0.3015873015873014,0.0,0,True,direct
quality_change,106,no_variance,quality_deteriorates,2.0,402.0,quality_improvement,True,1,1.8382589996690513,True,56.48528137423856,0.8998652251062051,0.0,0.45951980108421897,0.0,0,True,detour
quality_change,106,no_variance,quality_recovers,4.0,404.0,quality_improvement,True,2,0.7893940000940347,True,38.0,0.9006907548852595,0.0,0.3015873015873014,0.0,0,True,direct
quality_change,106,no_count,initial,0.0,400.0,blocked_or_initial,False,0,0.9007419998852129,True,38.0,0.9006907548852595,0.0,0.4325396825396829,0.0,0,True,direct
quality_change,106,no_count,quality_deteriorates,2.0,402.0,quality_improvement,True,1,2.308004000042274,True,56.48528137423856,0.8995244393107299,0.0,0.6653291702535804,0.0,0,True,detour
quality_change,106,no_count,quality_recovers,4.0,404.0,quality_improvement,True,2,1.0797370000545925,True,38.0,0.9006907548852595,0.0,0.4325396825396829,0.0,0,True,direct
quality_change,106,no_age,initial,0.0,400.0,blocked_or_initial,False,0,0.6560800002262113,True,38.0,0.9006907548852595,0.0,0.4325396825396829,0.0,0,True,direct
quality_change,106,no_age,quality_deteriorates,2.0,402.0,quality_improvement,True,1,1.6931909999584605,True,56.48528137423856,0.8995244393107299,0.0,0.6653291702535804,0.0,0,True,detour
quality_change,106,no_age,quality_recovers,4.0,404.0,quality_improvement,True,2,1.1542330003067036,True,38.0,0.9006907548852595,0.0,0.4325396825396829,0.0,0,True,direct
quality_change,107,geometric,initial,0.0,400.0,blocked_or_initial,False,0,0.37595499998133164,True,38.0,0.9028103232033918,0.0,0.0,0.0,0,True,direct
quality_change,107,geometric,quality_deteriorates,2.0,402.0,held_hysteresis,False,0,0.44874600007460685,True,38.0,0.2960268975408546,27.0,0.0,0.0,0,True,direct
quality_change,107,geometric,quality_recovers,4.0,404.0,held_hysteresis,False,0,0.3919569999197847,True,38.0,0.9028103232033918,0.0,0.0,0.0,0,True,direct
quality_change,107,linear,initial,0.0,400.0,blocked_or_initial,False,0,0.9597399998710898,True,38.0,0.9028103232033918,0.0,2.9246031746031758,0.0,0,True,direct
quality_change,107,linear,quality_deteriorates,2.0,402.0,quality_improvement,True,1,1.843985000050452,True,56.48528137423856,0.9010386321482824,0.0,4.424115874444547,0.0,0,True,detour
quality_change,107,linear,quality_recovers,4.0,404.0,quality_improvement,True,2,3.590719999920111,True,38.0,0.9028103232033918,0.0,2.9246031746031758,0.0,0,True,direct
quality_change,107,nonlinear,initial,0.0,400.0,blocked_or_initial,False,0,0.7930279998618062,True,38.0,0.9028103232033918,0.0,0.30555555555555536,0.0,0,True,direct
quality_change,107,nonlinear,quality_deteriorates,2.0,402.0,quality_improvement,True,1,1.5148749998843414,True,56.48528137423856,0.9009843484720285,0.0,0.4339255650988785,0.0,0,True,detour
quality_change,107,nonlinear,quality_recovers,4.0,404.0,quality_improvement,True,2,0.7516109999414766,True,38.0,0.9028103232033918,0.0,0.30555555555555536,0.0,0,True,direct
quality_change,107,full,initial,0.0,400.0,blocked_or_initial,False,0,0.7535089998782496,True,38.0,0.9028103232033918,0.0,0.42063492063492086,0.0,0,True,direct
quality_change,107,full,quality_deteriorates,2.0,402.0,quality_improvement,True,1,2.039051999872754,True,56.48528137423856,0.9007497779089718,0.0,0.6365885326062817,0.0,0,True,detour
quality_change,107,full,quality_recovers,4.0,404.0,quality_improvement,True,2,0.920712999686657,True,38.0,0.9028103232033918,0.0,0.42063492063492086,0.0,0,True,direct
quality_change,107,no_variance,initial,0.0,400.0,blocked_or_initial,False,0,9.588014999735606,True,38.0,0.9028103232033918,0.0,0.30555555555555536,0.0,0,True,direct
quality_change,107,no_variance,quality_deteriorates,2.0,402.0,quality_improvement,True,1,1.3836709999850427,True,56.48528137423856,0.9009843484720285,0.0,0.4339255650988785,0.0,0,True,detour
quality_change,107,no_variance,quality_recovers,4.0,404.0,quality_improvement,True,2,0.5978910003250348,True,38.0,0.9028103232033918,0.0,0.30555555555555536,0.0,0,True,direct
quality_change,107,no_count,initial,0.0,400.0,blocked_or_initial,False,0,0.685594999595196,True,38.0,0.9028103232033918,0.0,0.42063492063492086,0.0,0,True,direct
quality_change,107,no_count,quality_deteriorates,2.0,402.0,quality_improvement,True,1,1.8430739996802004,True,56.48528137423856,0.9007497779089718,0.0,0.6326202786380277,0.0,0,True,detour
quality_change,107,no_count,quality_recovers,4.0,404.0,quality_improvement,True,2,0.931172000036895,True,38.0,0.9028103232033918,0.0,0.42063492063492086,0.0,0,True,direct
quality_change,107,no_age,initial,0.0,400.0,blocked_or_initial,False,0,0.8171720000973437,True,38.0,0.9028103232033918,0.0,0.42063492063492086,0.0,0,True,direct
quality_change,107,no_age,quality_deteriorates,2.0,402.0,quality_improvement,True,1,11.757247999867104,True,56.48528137423856,0.9007497779089718,0.0,0.6365885326062817,0.0,0,True,detour
quality_change,107,no_age,quality_recovers,4.0,404.0,quality_improvement,True,2,0.6443170000238752,True,38.0,0.9028103232033918,0.0,0.42063492063492086,0.0,0,True,direct
quality_change,108,geometric,initial,0.0,400.0,blocked_or_initial,False,0,0.3239410002606746,True,38.0,0.898100097140714,0.0,0.0,0.0,0,True,direct
quality_change,108,geometric,quality_deteriorates,2.0,402.0,held_hysteresis,False,0,0.39426000012099394,True,38.0,0.2946300223437988,27.0,0.0,0.0,0,True,direct
quality_change,108,geometric,quality_recovers,4.0,404.0,held_hysteresis,False,0,0.38656300012007705,True,38.0,0.898100097140714,0.0,0.0,0.0,0,True,direct
quality_change,108,linear,initial,0.0,400.0,blocked_or_initial,False,0,1.0455399997226777,True,38.0,0.898100097140714,0.0,3.0694444444444455,0.0,0,True,direct
quality_change,108,linear,quality_deteriorates,2.0,402.0,quality_improvement,True,1,2.1087350000925653,True,56.48528137423857,0.901689619825126,0.0,4.3980402085244465,0.0,0,True,detour
quality_change,108,linear,quality_recovers,4.0,404.0,quality_improvement,True,2,1.2140979997639079,True,38.0,0.898100097140714,0.0,3.0694444444444455,0.0,0,True,direct
quality_change,108,nonlinear,initial,0.0,400.0,blocked_or_initial,False,0,0.5889950002710975,True,38.0,0.898100097140714,0.0,0.3015873015873014,0.0,0,True,direct
quality_change,108,nonlinear,quality_deteriorates,2.0,402.0,quality_improvement,True,1,1.3735480001741962,True,56.48528137423856,0.9000768401535798,0.0,0.447474031616232,0.0,0,True,detour
quality_change,108,nonlinear,quality_recovers,4.0,404.0,quality_improvement,True,2,0.6527030000142986,True,38.0,0.898100097140714,0.0,0.3015873015873014,0.0,0,True,direct
quality_change,108,full,initial,0.0,400.0,blocked_or_initial,False,0,0.699077999797737,True,38.0,0.898100097140714,0.0,0.44047619047619074,0.0,0,True,direct
quality_change,108,full,quality_deteriorates,2.0,402.0,quality_improvement,True,1,2.041117999851849,True,56.48528137423857,0.901354189853836,0.0,0.6317984263317319,0.0,0,True,detour
quality_change,108,full,quality_recovers,4.0,404.0,quality_improvement,True,2,0.8339300002262462,True,38.0,0.898100097140714,0.0,0.44047619047619074,0.0,0,True,direct
quality_change,108,no_variance,initial,0.0,400.0,blocked_or_initial,False,0,0.699276999966969,True,38.0,0.898100097140714,0.0,0.30555555555555536,0.0,0,True,direct
quality_change,108,no_variance,quality_deteriorates,2.0,402.0,quality_improvement,True,1,1.7786840003282123,True,56.48528137423856,0.8998324003940843,0.0,0.45144228558448607,0.0,0,True,detour
quality_change,108,no_variance,quality_recovers,4.0,404.0,quality_improvement,True,2,0.8706829999027832,True,38.0,0.898100097140714,0.0,0.30555555555555536,0.0,0,True,direct
quality_change,108,no_count,initial,0.0,400.0,blocked_or_initial,False,0,0.9297219999098161,True,38.0,0.898100097140714,0.0,0.44047619047619074,0.0,0,True,direct
quality_change,108,no_count,quality_deteriorates,2.0,402.0,quality_improvement,True,1,5.72221799984618,True,56.48528137423857,0.901354189853836,0.0,0.6317984263317319,0.0,0,True,detour
quality_change,108,no_count,quality_recovers,4.0,404.0,quality_improvement,True,2,1.0495480000827229,True,38.0,0.898100097140714,0.0,0.44047619047619074,0.0,0,True,direct
quality_change,108,no_age,initial,0.0,400.0,blocked_or_initial,False,0,0.837663000311295,True,38.0,0.898100097140714,0.0,0.44047619047619074,0.0,0,True,direct
quality_change,108,no_age,quality_deteriorates,2.0,402.0,quality_improvement,True,1,1.5198659998532094,True,56.48528137423857,0.901354189853836,0.0,0.6317984263317319,0.0,0,True,detour
quality_change,108,no_age,quality_recovers,4.0,404.0,quality_improvement,True,2,0.7231659997160023,True,38.0,0.898100097140714,0.0,0.44047619047619074,0.0,0,True,direct
quality_change,109,geometric,initial,0.0,400.0,blocked_or_initial,False,0,0.5930019997322233,True,38.0,0.900038336767553,0.0,0.0,0.0,0,True,direct
quality_change,109,geometric,quality_deteriorates,2.0,402.0,held_hysteresis,False,0,0.38177099986569374,True,38.0,0.29467360775519785,27.0,0.0,0.0,0,True,direct
quality_change,109,geometric,quality_recovers,4.0,404.0,held_hysteresis,False,0,0.5145260001881979,True,38.0,0.900038336767553,0.0,0.0,0.0,0,True,direct
quality_change,109,linear,initial,0.0,400.0,blocked_or_initial,False,0,1.0140500003217312,True,38.0,0.900038336767553,0.0,3.019841269841271,0.0,0,True,direct
quality_change,109,linear,quality_deteriorates,2.0,402.0,quality_improvement,True,1,10.441057000207365,True,56.48528137423856,0.9024565387584661,0.0,4.3785393610547105,0.0,0,True,detour
quality_change,109,linear,quality_recovers,4.0,404.0,quality_improvement,True,2,1.0933789999398869,True,38.0,0.900038336767553,0.0,3.019841269841271,0.0,0,True,direct
quality_change,109,nonlinear,initial,0.0,400.0,blocked_or_initial,False,0,0.5414989996097574,True,38.0,0.900038336767553,0.0,0.3095238095238094,0.0,0,True,direct
quality_change,109,nonlinear,quality_deteriorates,2.0,402.0,quality_improvement,True,1,1.7399830003341776,True,56.48528137423856,0.9019901028058672,0.0,0.43625011445454087,0.0,0,True,detour
quality_change,109,nonlinear,quality_recovers,4.0,404.0,quality_improvement,True,2,0.7910530002845917,True,38.0,0.900038336767553,0.0,0.3095238095238094,0.0,0,True,direct
quality_change,109,full,initial,0.0,400.0,blocked_or_initial,False,0,0.8024389999263803,True,38.0,0.900038336767553,0.0,0.45238095238095266,0.0,0,True,direct
quality_change,109,full,quality_deteriorates,2.0,402.0,quality_improvement,True,1,1.963354000054096,True,56.48528137423856,0.9022428330844049,0.0,0.6278301723634779,0.0,0,True,detour
quality_change,109,full,quality_recovers,4.0,404.0,quality_improvement,True,2,11.232956000185368,True,38.0,0.900038336767553,0.0,0.45238095238095266,0.0,0,True,direct
quality_change,109,no_variance,initial,0.0,400.0,blocked_or_initial,False,0,0.45412300005409634,True,38.0,0.900038336767553,0.0,0.3095238095238094,0.0,0,True,direct
quality_change,109,no_variance,quality_deteriorates,2.0,402.0,quality_improvement,True,1,1.4202880001903395,True,56.48528137423856,0.9019901028058672,0.0,0.43625011445454087,0.0,0,True,detour
quality_change,109,no_variance,quality_recovers,4.0,404.0,quality_improvement,True,2,0.8932040000217967,True,38.0,0.900038336767553,0.0,0.3095238095238094,0.0,0,True,direct
quality_change,109,no_count,initial,0.0,400.0,blocked_or_initial,False,0,1.2555489997794211,True,38.0,0.900038336767553,0.0,0.45238095238095266,0.0,0,True,direct
quality_change,109,no_count,quality_deteriorates,2.0,402.0,quality_improvement,True,1,2.2957430001042667,True,56.48528137423856,0.9024119628793081,0.0,0.6198936644269699,0.0,0,True,detour
quality_change,109,no_count,quality_recovers,4.0,404.0,quality_improvement,True,2,0.6790160000491596,True,38.0,0.900038336767553,0.0,0.45238095238095266,0.0,0,True,direct
quality_change,109,no_age,initial,0.0,400.0,blocked_or_initial,False,0,0.7524490001742379,True,38.0,0.900038336767553,0.0,0.45238095238095266,0.0,0,True,direct
quality_change,109,no_age,quality_deteriorates,2.0,402.0,quality_improvement,True,1,1.4473779997388192,True,56.48528137423856,0.9022428330844049,0.0,0.6278301723634779,0.0,0,True,detour
quality_change,109,no_age,quality_recovers,4.0,404.0,quality_improvement,True,2,0.8328630001415149,True,38.0,0.900038336767553,0.0,0.45238095238095266,0.0,0,True,direct
