scenario,seed,mode,objective,planning_ms,expanded,success,length_m,latent_quality_mean,synthetic_low_quality_exposure_m,normalized_cost_integral,unknown_exposure_m,collision_cells,valid_path,route
dual_route,100,geometric,38.0,0.6710409998049727,39,True,38.0,0.402079360409026,27.0,0.0,0.0,0,True,direct
dual_route,100,linear,69.66792026059679,2.2835580002720235,261,True,56.48528137423857,0.9018599913023024,0.0,4.394212962119417,0.0,0,True,detour
dual_route,100,nonlinear,57.85151299289684,9.568220999881305,234,True,56.48528137423857,0.9009776776729489,0.0,0.45541053955274,0.0,0,True,detour
dual_route,100,full,58.373703005166774,1.3154880002730351,234,True,56.48528137423856,0.9017782394339952,0.0,0.6294738769760696,0.0,0,True,detour
dual_route,100,no_variance,57.860952197882725,2.079582000078517,234,True,56.48528137423857,0.9007125892595009,0.0,0.45855694121469814,0.0,0,True,detour
dual_route,100,no_count,58.373703005166774,10.816238999723282,234,True,56.48528137423856,0.9017782394339952,0.0,0.6294738769760696,0.0,0,True,detour
dual_route,100,no_age,58.373703005166774,1.6584859999966284,234,True,56.48528137423856,0.9017782394339952,0.0,0.6294738769760696,0.0,0,True,detour
dual_route,101,geometric,38.0,0.353840000116179,39,True,38.0,0.4024611726988474,27.0,0.0,0.0,0,True,direct
dual_route,101,linear,69.65210565196888,1.8079329997817695,258,True,56.48528137423856,0.9020996000398159,0.0,4.388941425910107,0.0,0,True,detour
dual_route,101,nonlinear,57.85397854981573,11.55034799967325,234,True,56.48528137423856,0.900996869559616,0.0,0.45623239185903586,0.0,0,True,detour
dual_route,101,full,58.392581415138494,1.720301999739604,233,True,56.48528137423857,0.9012559389076762,0.0,0.6357666802999858,0.0,0,True,detour
dual_route,101,no_variance,57.85397854981573,1.9165819999216183,234,True,56.48528137423856,0.900996869559616,0.0,0.45623239185903586,0.0,0,True,detour
dual_route,101,no_count,58.392581415138494,2.0811549998143164,233,True,56.48528137423857,0.9012559389076762,0.0,0.6357666802999858,0.0,0,True,detour
dual_route,101,no_age,58.392581415138494,1.8830080002771865,233,True,56.48528137423857,0.9012559389076762,0.0,0.6357666802999858,0.0,0,True,detour
dual_route,102,geometric,38.0,0.4549520003820362,39,True,38.0,0.4031286675865101,27.0,0.0,0.0,0,True,direct
dual_route,102,linear,69.99427994586318,1.5228450001814053,262,True,56.48528137423856,0.9001704312092221,0.0,4.502999523874866,0.0,0,True,detour
dual_route,102,nonlinear,57.84309505502557,1.7772740002328646,235,True,56.48528137423856,0.8995214922017276,0.0,0.4526045602623172,0.0,0,True,detour
dual_route,102,full,58.46298871945247,10.829714000010426,236,True,56.48528137423856,0.8999106795374221,0.0,0.6592357817379743,0.0,0,True,detour
dual_route,102,no_variance,57.84309505502557,1.6617800001768046,235,True,56.48528137423856,0.8995214922017276,0.0,0.4526045602623172,0.0,0,True,detour
dual_route,102,no_count,58.46298871945247,13.160810000044876,236,True,56.48528137423856,0.8999106795374221,0.0,0.6592357817379743,0.0,0,True,detour
dual_route,102,no_age,58.46298871945247,1.4402129995687574,236,True,56.48528137423856,0.8999106795374221,0.0,0.6592357817379743,0.0,0,True,detour
dual_route,103,geometric,38.0,0.3640379995886178,39,True,38.0,0.3945041987081544,27.0,0.0,0.0,0,True,direct
dual_route,103,linear,69.67344961885951,2.262964999772521,258,True,56.48528137423856,0.9021587731437958,0.0,4.396056081540317,0.0,0,True,detour
dual_route,103,nonlinear,57.789523626454134,10.526528999889706,232,True,56.48528137423856,0.9016783241967313,0.0,0.4347474174051742,0.0,0,True,detour
dual_route,103,full,58.35235903827615,1.341509999747359,232,True,56.48528137423856,0.9020108984359384,0.0,0.6223592213458575,0.0,0,True,detour
dual_route,103,no_variance,57.80142838835889,1.8739090000963188,232,True,56.48528137423856,0.9016783241967313,0.0,0.43871567137342815,0.0,0,True,detour
dual_route,103,no_count,58.35235903827615,2.126914000200486,232,True,56.48528137423856,0.9020108984359384,0.0,0.6223592213458575,0.0,0,True,detour
dual_route,103,no_age,58.35235903827615,1.671397000336583,232,True,56.48528137423856,0.9020108984359384,0.0,0.6223592213458575,0.0,0,True,detour
dual_route,104,geometric,38.0,0.3731729998435185,39,True,38.0,0.4000006735422595,27.0,0.0,0.0,0,True,direct
dual_route,104,linear,69.93577740345395,10.479624999788939,261,True,56.48528137423856,0.9002400352592081,0.0,4.483498676405131,0.0,0,True,detour
dual_route,104,nonlinear,57.827703469087325,1.6195410003092547,234,True,56.48528137423856,0.8998518751352786,0.0,0.447474031616232,0.0,0,True,detour
dual_route,104,full,58.40695173396216,11.302561000320566,234,True,56.48528137423856,0.9000128955377767,0.0,0.6405567865745357,0.0,0,True,detour
dual_route,104,no_variance,57.827703469087325,1.7406450001544727,234,True,56.48528137423856,0.8998518751352786,0.0,0.447474031616232,0.0,0,True,detour
dual_route,104,no_count,58.40695173396216,2.4741259999245813,234,True,56.48528137423856,0.9000128955377767,0.0,0.6405567865745357,0.0,0,True,detour
dual_route,104,no_age,58.40695173396216,10.87072900008934,234,True,56.48528137423856,0.9000128955377767,0.0,0.6405567865745357,0.0,0,True,detour
dual_route,105,geometric,38.0,0.4514059996836295,39,True,38.0,0.40787355724258995,27.0,0.0,0.0,0,True,direct
dual_route,105,linear,69.91869372675701,2.341421000437549,260,True,56.48528137423857,0.8997863184563398,0.0,4.477804117506146,0.0,0,True,detour
dual_route,105,nonlinear,57.807380769311294,12.614726999800041,235,True,56.48528137423856,0.8989225661423029,0.0,0.44069979835755524,0.0,0,True,detour
dual_route,105,full,58.41145982511025,1.5148559996305266,233,True,56.48528137423857,0.8997863184563398,0.0,0.6420594836239022,0.0,0,True,detour
dual_route,105,no_variance,57.807380769311294,1.4730899997630331,235,True,56.48528137423856,0.8989225661423029,0.0,0.44069979835755524,0.0,0,True,detour
dual_route,105,no_count,58.41145982511025,9.782428000107757,233,True,56.48528137423857,0.8997863184563398,0.0,0.6420594836239022,0.0,0,True,detour
dual_route,105,no_age,58.41145982511025,1.513557000180299,233,True,56.48528137423857,0.8997863184563398,0.0,0.6420594836239022,0.0,0,True,detour
dual_route,106,geometric,38.0,0.3847150001092814,39,True,38.0,0.4050943397318054,27.0,0.0,0.0,0,True,direct
dual_route,106,linear,69.94648567650881,11.411743000280694,262,True,56.48528137423857,0.900173616925142,0.0,4.487068100756765,0.0,0,True,detour
dual_route,106,nonlinear,57.86384077749128,1.7942009999387665,235,True,56.48528137423856,0.8998652251062051,0.0,0.45951980108421897,0.0,0,True,detour
dual_route,106,full,58.4812688849993,2.5647639999988314,233,True,56.48528137423856,0.8995244393107299,0.0,0.6653291702535804,0.0,0,True,detour
dual_route,106,no_variance,57.86384077749128,1.9999650003228453,235,True,56.48528137423856,0.8998652251062051,0.0,0.45951980108421897,0.0,0,True,detour
dual_route,106,no_count,58.4812688849993,2.4046190001172363,233,True,56.48528137423856,0.8995244393107299,0.0,0.6653291702535804,0.0,0,True,detour
dual_route,106,no_age,58.4812688849993,11.762704999910056,233,True,56.48528137423856,0.8995244393107299,0.0,0.6653291702535804,0.0,0,True,detour
dual_route,107,geometric,38.0,0.7713229997534654,39,True,38.0,0.4003196420076551,27.0,0.0,0.0,0,True,direct
dual_route,107,linear,69.75762899757221,6.131296000148723,260,True,56.48528137423856,0.9010386321482824,0.0,4.424115874444547,0.0,0,True,detour
dual_route,107,nonlinear,57.78705806953526,1.7182890001095075,234,True,56.48528137423856,0.9009843484720285,0.0,0.4339255650988785,0.0,0,True,detour
dual_route,107,full,58.3950469720574,2.102619000197592,233,True,56.48528137423856,0.9007497779089718,0.0,0.6365885326062817,0.0,0,True,detour
dual_route,107,no_variance,57.78705806953526,1.7864440001176263,234,True,56.48528137423856,0.9009843484720285,0.0,0.4339255650988785,0.0,0,True,detour
dual_route,107,no_count,58.383142210152634,1.3747879997936252,232,True,56.48528137423856,0.9007497779089718,0.0,0.6326202786380277,0.0,0,True,detour
dual_route,107,no_age,58.3950469720574,1.5844670001570194,233,True,56.48528137423856,0.9007497779089718,0.0,0.6365885326062817,0.0,0,True,detour
dual_route,108,geometric,38.0,0.9114160002354765,39,True,38.0,0.40623646747087055,27.0,0.0,0.0,0,True,direct
dual_route,108,linear,69.6794019998119,2.528881000216643,260,True,56.48528137423857,0.901689619825126,0.0,4.3980402085244465,0.0,0,True,detour
dual_route,108,nonlinear,57.82770346908732,11.924086999897554,234,True,56.48528137423856,0.9000768401535798,0.0,0.447474031616232,0.0,0,True,detour
dual_route,108,full,58.380676653233735,1.8530289999034721,233,True,56.48528137423857,0.901354189853836,0.0,0.6317984263317319,0.0,0,True,detour
dual_route,108,no_variance,57.83960823099208,11.456689999704395,235,True,56.48528137423856,0.8998324003940843,0.0,0.45144228558448607,0.0,0,True,detour
dual_route,108,no_count,58.380676653233735,1.2442579995877168,233,True,56.48528137423857,0.901354189853836,0.0,0.6317984263317319,0.0,0,True,detour
dual_route,108,no_age,58.380676653233735,1.7510830002720468,233,True,56.48528137423857,0.901354189853836,0.0,0.6317984263317319,0.0,0,True,detour
dual_route,109,geometric,38.0,0.359483000011096,39,True,38.0,0.40461329017554615,27.0,0.0,0.0,0,True,direct
dual_route,109,linear,69.62089945740267,12.0955820002564,261,True,56.48528137423856,0.9024565387584661,0.0,4.3785393610547105,0.0,0,True,detour
dual_route,109,nonlinear,57.79403171760225,1.809816999866598,235,True,56.48528137423856,0.9019901028058672,0.0,0.43625011445454087,0.0,0,True,detour
dual_route,109,full,58.36877189132898,1.9501040001159708,234,True,56.48528137423856,0.9022428330844049,0.0,0.6278301723634779,0.0,0,True,detour
dual_route,109,no_variance,57.79403171760225,1.3585809997493925,235,True,56.48528137423856,0.9019901028058672,0.0,0.43625011445454087,0.0,0,True,detour
dual_route,109,no_count,58.34496236751946,1.5594809997310222,234,True,56.48528137423856,0.9024119628793081,0.0,0.6198936644269699,0.0,0,True,detour
dual_route,109,no_age,58.36877189132898,13.086642999951437,234,True,56.48528137423856,0.9022428330844049,0.0,0.6278301723634779,0.0,0,True,detour
sparse_misleading_score,100,geometric,38.0,0.2838379996319418,39,True,38.0,0.402079360409026,27.0,0.0,0.0,0,True,direct
sparse_misleading_score,100,linear,42.55357142857144,0.6180769996717572,123,True,38.0,0.402079360409026,27.0,1.5178571428571428,0.0,0,True,direct
sparse_misleading_score,100,nonlinear,38.261904761904766,0.2504569997654471,39,True,38.0,0.402079360409026,27.0,0.0873015873015873,0.0,0,True,direct
sparse_misleading_score,100,full,58.373703005166774,11.588121999920986,239,True,56.48528137423856,0.9017782394339952,0.0,0.6294738769760696,0.0,0,True,detour
sparse_misleading_score,100,no_variance,57.860952197882725,1.1993940001957526,237,True,56.48528137423857,0.9007125892595009,0.0,0.45855694121469814,0.0,0,True,detour
sparse_misleading_score,100,no_count,38.36904761904761,0.31602600029145833,39,True,38.0,0.402079360409026,27.0,0.12301587301587301,0.0,0,True,direct
sparse_misleading_score,100,no_age,58.373703005166774,1.6055579999374459,239,True,56.48528137423856,0.9017782394339952,0.0,0.6294738769760696,0.0,0,True,detour
sparse_misleading_score,101,geometric,38.0,0.4426640002748172,39,True,38.0,0.4024611726988474,27.0,0.0,0.0,0,True,direct
sparse_misleading_score,101,linear,42.52380952380954,0.7624600002600346,123,True,38.0,0.4024611726988474,27.0,1.507936507936508,0.0,0,True,direct
sparse_misleading_score,101,nonlinear,38.25000000000001,0.3973849998146761,39,True,38.0,0.4024611726988474,27.0,0.08333333333333333,0.0,0,True,direct
sparse_misleading_score,101,full,58.392581415138494,1.9318740000926482,239,True,56.48528137423857,0.9012559389076762,0.0,0.6357666802999858,0.0,0,True,detour
sparse_misleading_score,101,no_variance,57.85397854981573,11.143769000227621,238,True,56.48528137423856,0.900996869559616,0.0,0.45623239185903586,0.0,0,True,detour
sparse_misleading_score,101,no_count,38.38095238095238,0.33412799984944286,39,True,38.0,0.4024611726988474,27.0,0.12698412698412698,0.0,0,True,direct
sparse_misleading_score,101,no_age,58.392581415138494,1.711332000013499,239,True,56.48528137423857,0.9012559389076762,0.0,0.6357666802999858,0.0,0,True,detour
sparse_misleading_score,102,geometric,38.0,0.4328439999881084,39,True,38.0,0.4031286675865101,27.0,0.0,0.0,0,True,direct
sparse_misleading_score,102,linear,42.64880952380953,1.0888599999816506,124,True,38.0,0.4031286675865101,27.0,1.5496031746031744,0.0,0,True,direct
sparse_misleading_score,102,nonlinear,38.267857142857146,0.4528060003394785,39,True,38.0,0.4031286675865101,27.0,0.08928571428571427,0.0,0,True,direct
sparse_misleading_score,102,full,58.46298871945247,1.5840290002415713,240,True,56.48528137423856,0.8999106795374221,0.0,0.6592357817379743,0.0,0,True,detour
sparse_misleading_score,102,no_variance,57.84309505502557,1.7786059997888515,238,True,56.48528137423856,0.8995214922017276,0.0,0.4526045602623172,0.0,0,True,detour
sparse_misleading_score,102,no_count,38.39880952380952,0.394543000311387,39,True,38.0,0.4031286675865101,27.0,0.13293650793650796,0.0,0,True,direct
sparse_misleading_score,102,no_age,58.46298871945247,11.42474999960541,240,True,56.48528137423856,0.8999106795374221,0.0,0.6592357817379743,0.0,0,True,detour
sparse_misleading_score,103,geometric,38.0,0.3388370000720897,39,True,38.0,0.3945041987081544,27.0,0.0,0.0,0,True,direct
sparse_misleading_score,103,linear,42.58333333333334,0.7513190003010095,123,True,38.0,0.3945041987081544,27.0,1.5277777777777777,0.0,0,True,direct
sparse_misleading_score,103,nonlinear,38.261904761904766,0.400953000280424,39,True,38.0,0.3945041987081544,27.0,0.0873015873015873,0.0,0,True,direct
sparse_misleading_score,103,full,58.35235903827615,2.0098770000913646,239,True,56.48528137423856,0.9020108984359384,0.0,0.6223592213458575,0.0,0,True,detour
sparse_misleading_score,103,no_variance,57.80142838835889,1.8535149997660483,237,True,56.48528137423856,0.9016783241967313,0.0,0.43871567137342815,0.0,0,True,detour
sparse_misleading_score,103,no_count,38.38095238095238,0.45767199981128215,39,True,38.0,0.3945041987081544,27.0,0.12698412698412698,0.0,0,True,direct
sparse_misleading_score,103,no_age,58.35235903827615,2.4181450003197824,239,True,56.48528137423856,0.9020108984359384,0.0,0.6223592213458575,0.0,0,True,detour
sparse_misleading_score,104,geometric,38.0,0.3764929997487343,39,True,38.0,0.4000006735422595,27.0,0.0,0.0,0,True,direct
sparse_misleading_score,104,linear,42.57142857142859,0.7480519998352975,123,True,38.0,0.4000006735422595,27.0,1.523809523809524,0.0,0,True,direct
sparse_misleading_score,104,nonlinear,38.27380952380953,0.405091999709839,39,True,38.0,0.4000006735422595,27.0,0.09126984126984126,0.0,0,True,direct
sparse_misleading_score,104,full,58.40695173396216,2.1751079998466594,239,True,56.48528137423856,0.9000128955377767,0.0,0.6405567865745357,0.0,0,True,detour
sparse_misleading_score,104,no_variance,57.827703469087325,12.04877200007104,237,True,56.48528137423856,0.8998518751352786,0.0,0.447474031616232,0.0,0,True,detour
sparse_misleading_score,104,no_count,38.39285714285714,0.49623899985817843,39,True,38.0,0.4000006735422595,27.0,0.13095238095238096,0.0,0,True,direct
sparse_misleading_score,104,no_age,58.40695173396216,2.172337000047264,239,True,56.48528137423856,0.9000128955377767,0.0,0.6405567865745357,0.0,0,True,detour
sparse_misleading_score,105,geometric,38.0,9.817950000069686,39,True,38.0,0.40787355724258995,27.0,0.0,0.0,0,True,direct
sparse_misleading_score,105,linear,42.55357142857143,1.3664359998983855,123,True,38.0,0.40787355724258995,27.0,1.5178571428571428,0.0,0,True,direct
sparse_misleading_score,105,nonlinear,38.27976190476191,0.5754069998147315,39,True,38.0,0.40787355724258995,27.0,0.09325396825396826,0.0,0,True,direct
sparse_misleading_score,105,full,58.41145982511025,3.001985000082641,239,True,56.48528137423857,0.8997863184563398,0.0,0.6420594836239022,0.0,0,True,detour
sparse_misleading_score,105,no_variance,57.807380769311294,10.369790999902762,238,True,56.48528137423856,0.8989225661423029,0.0,0.44069979835755524,0.0,0,True,detour
sparse_misleading_score,105,no_count,38.39285714285714,0.31079199970918125,39,True,38.0,0.40787355724258995,27.0,0.13095238095238093,0.0,0,True,direct
sparse_misleading_score,105,no_age,58.41145982511025,2.225038999768003,239,True,56.48528137423857,0.8997863184563398,0.0,0.6420594836239022,0.0,0,True,detour
sparse_misleading_score,106,geometric,38.0,0.33018700014508795,39,True,38.0,0.4050943397318054,27.0,0.0,0.0,0,True,direct
sparse_misleading_score,106,linear,42.52380952380955,0.9131870001510833,123,True,38.0,0.4050943397318054,27.0,1.5079365079365081,0.0,0,True,direct
sparse_misleading_score,106,nonlinear,38.25000000000001,0.3185959999427723,39,True,38.0,0.4050943397318054,27.0,0.08333333333333333,0.0,0,True,direct
sparse_misleading_score,106,full,58.4812688849993,1.9068350002271472,239,True,56.48528137423856,0.8995244393107299,0.0,0.6653291702535804,0.0,0,True,detour
sparse_misleading_score,106,no_variance,57.86384077749128,2.0369869998830836,238,True,56.48528137423856,0.8998652251062051,0.0,0.45951980108421897,0.0,0,True,detour
sparse_misleading_score,106,no_count,38.36904761904762,9.348248000151216,39,True,38.0,0.4050943397318054,27.0,0.12301587301587301,0.0,0,True,direct
sparse_misleading_score,106,no_age,58.4812688849993,1.3500969998858636,239,True,56.48528137423856,0.8995244393107299,0.0,0.6653291702535804,0.0,0,True,detour
sparse_misleading_score,107,geometric,38.0,0.2671129996087984,39,True,38.0,0.4003196420076551,27.0,0.0,0.0,0,True,direct
sparse_misleading_score,107,linear,42.54761904761907,0.6477619999714079,123,True,38.0,0.4003196420076551,27.0,1.515873015873016,0.0,0,True,direct
sparse_misleading_score,107,nonlinear,38.261904761904766,0.31655199973101844,39,True,38.0,0.4003196420076551,27.0,0.0873015873015873,0.0,0,True,direct
sparse_misleading_score,107,full,58.3950469720574,11.760820999825228,239,True,56.48528137423856,0.9007497779089718,0.0,0.6365885326062817,0.0,0,True,detour
sparse_misleading_score,107,no_variance,57.78705806953526,1.79421699976956,237,True,56.48528137423856,0.9009843484720285,0.0,0.4339255650988785,0.0,0,True,detour
sparse_misleading_score,107,no_count,38.38095238095237,0.4559650001283444,39,True,38.0,0.4003196420076551,27.0,0.12698412698412698,0.0,0,True,direct
sparse_misleading_score,107,no_age,58.3950469720574,11.836605000098643,239,True,56.48528137423856,0.9007497779089718,0.0,0.6365885326062817,0.0,0,True,detour
sparse_misleading_score,108,geometric,38.0,0.36882199992760434,39,True,38.0,0.40623646747087055,27.0,0.0,0.0,0,True,direct
sparse_misleading_score,108,linear,42.67261904761906,0.726297999790404,124,True,38.0,0.40623646747087055,27.0,1.5575396825396823,0.0,0,True,direct
sparse_misleading_score,108,nonlinear,38.261904761904766,0.3244700001232559,39,True,38.0,0.40623646747087055,27.0,0.0873015873015873,0.0,0,True,direct
sparse_misleading_score,108,full,58.380676653233735,1.9557820000954962,239,True,56.48528137423857,0.901354189853836,0.0,0.6317984263317319,0.0,0,True,detour
sparse_misleading_score,108,no_variance,57.83960823099208,11.001282000052015,238,True,56.48528137423856,0.8998324003940843,0.0,0.45144228558448607,0.0,0,True,detour
sparse_misleading_score,108,no_count,38.39285714285714,0.5023490002713515,39,True,38.0,0.40623646747087055,27.0,0.13095238095238093,0.0,0,True,direct
sparse_misleading_score,108,no_age,58.380676653233735,1.4458059999924444,239,True,56.48528137423857,0.901354189853836,0.0,0.6317984263317319,0.0,0,True,detour
sparse_misleading_score,109,geometric,38.0,0.36996600010752445,39,True,38.0,0.40461329017554615,27.0,0.0,0.0,0,True,direct
sparse_misleading_score,109,linear,42.66666666666667,0.9464960003242595,124,True,38.0,0.40461329017554615,27.0,1.5555555555555554,0.0,0,True,direct
sparse_misleading_score,109,nonlinear,38.285714285714285,0.4291589998501877,39,True,38.0,0.40461329017554615,27.0,0.09523809523809523,0.0,0,True,direct
sparse_misleading_score,109,full,58.36877189132898,2.2272530000009283,239,True,56.48528137423856,0.9022428330844049,0.0,0.6278301723634779,0.0,0,True,detour
sparse_misleading_score,109,no_variance,57.79403171760225,12.33161799973459,238,True,56.48528137423856,0.9019901028058672,0.0,0.43625011445454087,0.0,0,True,detour
sparse_misleading_score,109,no_count,38.416666666666664,0.3768569999920146,39,True,38.0,0.40461329017554615,27.0,0.1388888888888889,0.0,0,True,direct
sparse_misleading_score,109,no_age,58.36877189132898,1.9553289998839318,239,True,56.48528137423856,0.9022428330844049,0.0,0.6278301723634779,0.0,0,True,detour
stale_high_score,100,geometric,38.0,0.5023720000281173,39,True,38.0,0.402079360409026,27.0,0.0,0.0,0,True,direct
stale_high_score,100,linear,42.55357142857144,1.1542170000211627,123,True,38.0,0.402079360409026,27.0,1.5178571428571428,0.0,0,True,direct
stale_high_score,100,nonlinear,38.261904761904766,0.3110259999630216,39,True,38.0,0.402079360409026,27.0,0.0873015873015873,0.0,0,True,direct
stale_high_score,100,full,58.373703005166774,1.9216569999116473,232,True,56.48528137423856,0.9017782394339952,0.0,0.6294738769760696,0.0,0,True,detour
stale_high_score,100,no_variance,57.860952197882725,4.420163999839133,231,True,56.48528137423857,0.9007125892595009,0.0,0.45855694121469814,0.0,0,True,detour
stale_high_score,100,no_count,58.373703005166774,1.4743759998054884,232,True,56.48528137423856,0.9017782394339952,0.0,0.6294738769760696,0.0,0,True,detour
stale_high_score,100,no_age,38.69047619047621,0.42581599973345874,59,True,38.0,0.402079360409026,27.0,0.23015873015873,0.0,0,True,direct
stale_high_score,101,geometric,38.0,0.3408039997339074,39,True,38.0,0.4024611726988474,27.0,0.0,0.0,0,True,direct
stale_high_score,101,linear,42.52380952380954,0.847181000153796,123,True,38.0,0.4024611726988474,27.0,1.507936507936508,0.0,0,True,direct
stale_high_score,101,nonlinear,38.25000000000001,0.5155379999450815,39,True,38.0,0.4024611726988474,27.0,0.08333333333333333,0.0,0,True,direct
stale_high_score,101,full,58.392581415138494,1.9029059999411402,232,True,56.48528137423857,0.9012559389076762,0.0,0.6357666802999858,0.0,0,True,detour
stale_high_score,101,no_variance,57.85397854981573,2.0792289997189073,232,True,56.48528137423856,0.900996869559616,0.0,0.45623239185903586,0.0,0,True,detour
stale_high_score,101,no_count,58.392581415138494,1.7198350001308427,232,True,56.48528137423857,0.9012559389076762,0.0,0.6357666802999858,0.0,0,True,detour
stale_high_score,101,no_age,38.70238095238097,0.7442629998877237,63,True,38.0,0.4024611726988474,27.0,0.23412698412698402,0.0,0,True,direct
stale_high_score,102,geometric,38.0,0.463059000139765,39,True,38.0,0.4031286675865101,27.0,0.0,0.0,0,True,direct
stale_high_score,102,linear,42.64880952380953,1.1623780001173145,124,True,38.0,0.4031286675865101,27.0,1.5496031746031744,0.0,0,True,direct
stale_high_score,102,nonlinear,38.267857142857146,0.5187719998502871,39,True,38.0,0.4031286675865101,27.0,0.08928571428571427,0.0,0,True,direct
stale_high_score,102,full,58.46298871945247,2.775515999928757,233,True,56.48528137423856,0.8999106795374221,0.0,0.6592357817379743,0.0,0,True,detour
stale_high_score,102,no_variance,57.84309505502557,12.287910999930318,232,True,56.48528137423856,0.8995214922017276,0.0,0.4526045602623172,0.0,0,True,detour
stale_high_score,102,no_count,58.46298871945247,1.7383000003974303,233,True,56.48528137423856,0.8999106795374221,0.0,0.6592357817379743,0.0,0,True,detour
stale_high_score,102,no_age,38.72023809523811,0.7332089999181335,65,True,38.0,0.4031286675865101,27.0,0.24007936507936495,0.0,0,True,direct
stale_high_score,103,geometric,38.0,0.4928540001856163,39,True,38.0,0.3945041987081544,27.0,0.0,0.0,0,True,direct
stale_high_score,103,linear,42.58333333333334,0.7314760000554088,123,True,38.0,0.3945041987081544,27.0,1.5277777777777777,0.0,0,True,direct
stale_high_score,103,nonlinear,38.261904761904766,7.032406000234914,39,True,38.0,0.3945041987081544,27.0,0.0873015873015873,0.0,0,True,direct
stale_high_score,103,full,58.35235903827615,1.3076010000077076,232,True,56.48528137423856,0.9020108984359384,0.0,0.6223592213458575,0.0,0,True,detour
stale_high_score,103,no_variance,57.80142838835889,1.3815930001328525,231,True,56.48528137423856,0.9016783241967313,0.0,0.43871567137342815,0.0,0,True,detour
stale_high_score,103,no_count,58.35235903827615,1.9624850001491723,232,True,56.48528137423856,0.9020108984359384,0.0,0.6223592213458575,0.0,0,True,detour
stale_high_score,103,no_age,38.70238095238097,0.5952599999545782,61,True,38.0,0.3945041987081544,27.0,0.23412698412698396,0.0,0,True,direct
stale_high_score,104,geometric,38.0,0.4511380002441001,39,True,38.0,0.4000006735422595,27.0,0.0,0.0,0,True,direct
stale_high_score,104,linear,42.57142857142859,0.8868849999998929,123,True,38.0,0.4000006735422595,27.0,1.523809523809524,0.0,0,True,direct
stale_high_score,104,nonlinear,38.27380952380953,0.4019429998152191,39,True,38.0,0.4000006735422595,27.0,0.09126984126984126,0.0,0,True,direct
stale_high_score,104,full,58.40695173396216,1.6518739998900855,232,True,56.48528137423856,0.9000128955377767,0.0,0.6405567865745357,0.0,0,True,detour
stale_high_score,104,no_variance,57.827703469087325,11.574786999972275,231,True,56.48528137423856,0.8998518751352786,0.0,0.447474031616232,0.0,0,True,detour
stale_high_score,104,no_count,58.40695173396216,2.100278999932925,232,True,56.48528137423856,0.9000128955377767,0.0,0.6405567865745357,0.0,0,True,detour
stale_high_score,104,no_age,38.71428571428572,0.7121570001800137,65,True,38.0,0.4000006735422595,27.0,0.23809523809523797,0.0,0,True,direct
stale_high_score,105,geometric,38.0,0.42420299996592803,39,True,38.0,0.40787355724258995,27.0,0.0,0.0,0,True,direct
stale_high_score,105,linear,42.55357142857143,0.820199999907345,123,True,38.0,0.40787355724258995,27.0,1.5178571428571428,0.0,0,True,direct
stale_high_score,105,nonlinear,38.27976190476191,0.2957070000775275,39,True,38.0,0.40787355724258995,27.0,0.09325396825396826,0.0,0,True,direct
stale_high_score,105,full,58.41145982511025,1.7513180000605644,232,True,56.48528137423857,0.8997863184563398,0.0,0.6420594836239022,0.0,0,True,detour
stale_high_score,105,no_variance,57.807380769311294,1.782981999895128,232,True,56.48528137423856,0.8989225661423029,0.0,0.44069979835755524,0.0,0,True,detour
stale_high_score,105,no_count,58.41145982511025,1.8456070001775515,232,True,56.48528137423857,0.8997863184563398,0.0,0.6420594836239022,0.0,0,True,detour
stale_high_score,105,no_age,38.71428571428573,0.502202000006946,63,True,38.0,0.40787355724258995,27.0,0.2380952380952379,0.0,0,True,direct
stale_high_score,106,geometric,38.0,0.3520790000948182,39,True,38.0,0.4050943397318054,27.0,0.0,0.0,0,True,direct
stale_high_score,106,linear,42.52380952380955,10.892041999795765,123,True,38.0,0.4050943397318054,27.0,1.5079365079365081,0.0,0,True,direct
stale_high_score,106,nonlinear,38.25000000000001,0.3529179998622567,39,True,38.0,0.4050943397318054,27.0,0.08333333333333333,0.0,0,True,direct
stale_high_score,106,full,58.4812688849993,1.8781670000862505,232,True,56.48528137423856,0.8995244393107299,0.0,0.6653291702535804,0.0,0,True,detour
stale_high_score,106,no_variance,57.86384077749128,1.720267000109743,232,True,56.48528137423856,0.8998652251062051,0.0,0.45951980108421897,0.0,0,True,detour
stale_high_score,106,no_count,58.4812688849993,10.709314999985509,232,True,56.48528137423856,0.8995244393107299,0.0,0.6653291702535804,0.0,0,True,detour
stale_high_score,106,no_age,38.690476190476204,0.5179560002943617,63,True,38.0,0.4050943397318054,27.0,0.23015873015873006,0.0,0,True,direct
stale_high_score,107,geometric,38.0,0.3656300000329793,39,True,38.0,0.4003196420076551,27.0,0.0,0.0,0,True,direct
stale_high_score,107,linear,42.54761904761907,1.0455729998284369,123,True,38.0,0.4003196420076551,27.0,1.515873015873016,0.0,0,True,direct
stale_high_score,107,nonlinear,38.261904761904766,0.4928939997626003,39,True,38.0,0.4003196420076551,27.0,0.0873015873015873,0.0,0,True,direct
stale_high_score,107,full,58.3950469720574,10.036973999831389,232,True,56.48528137423856,0.9007497779089718,0.0,0.6365885326062817,0.0,0,True,detour
stale_high_score,107,no_variance,57.78705806953526,1.66009699978531,231,True,56.48528137423856,0.9009843484720285,0.0,0.4339255650988785,0.0,0,True,detour
stale_high_score,107,no_count,58.383142210152634,2.106006999838428,232,True,56.48528137423856,0.9007497779089718,0.0,0.6326202786380277,0.0,0,True,detour
stale_high_score,107,no_age,38.70238095238097,0.7907169997452002,62,True,38.0,0.4003196420076551,27.0,0.23412698412698402,0.0,0,True,direct
stale_high_score,108,geometric,38.0,0.7907699996394513,39,True,38.0,0.40623646747087055,27.0,0.0,0.0,0,True,direct
stale_high_score,108,linear,42.67261904761906,1.1374020000403107,124,True,38.0,0.40623646747087055,27.0,1.5575396825396823,0.0,0,True,direct
stale_high_score,108,nonlinear,38.261904761904766,0.5077189998701215,39,True,38.0,0.40623646747087055,27.0,0.0873015873015873,0.0,0,True,direct
stale_high_score,108,full,58.380676653233735,10.929919999853155,232,True,56.48528137423857,0.901354189853836,0.0,0.6317984263317319,0.0,0,True,detour
stale_high_score,108,no_variance,57.83960823099208,1.4524399998663284,232,True,56.48528137423856,0.8998324003940843,0.0,0.45144228558448607,0.0,0,True,detour
stale_high_score,108,no_count,58.380676653233735,2.03693999992538,232,True,56.48528137423857,0.901354189853836,0.0,0.6317984263317319,0.0,0,True,detour
stale_high_score,108,no_age,38.71428571428573,0.80514299997958,63,True,38.0,0.40623646747087055,27.0,0.23809523809523797,0.0,0,True,direct
stale_high_score,109,geometric,38.0,0.4287639999347448,39,True,38.0,0.40461329017554615,27.0,0.0,0.0,0,True,direct
stale_high_score,109,linear,42.66666666666667,1.1346629999025026,124,True,38.0,0.40461329017554615,27.0,1.5555555555555554,0.0,0,True,direct
stale_high_score,109,nonlinear,38.285714285714285,0.7095060000210651,39,True,38.0,0.40461329017554615,27.0,0.09523809523809523,0.0,0,True,direct
stale_high_score,109,full,58.36877189132898,5.403400999966834,232,True,56.48528137423856,0.9022428330844049,0.0,0.6278301723634779,0.0,0,True,detour
stale_high_score,109,no_variance,57.79403171760225,5.5870340002002195,232,True,56.48528137423856,0.9019901028058672,0.0,0.43625011445454087,0.0,0,True,detour
stale_high_score,109,no_count,58.34496236751946,1.3653750002049492,232,True,56.48528137423856,0.9024119628793081,0.0,0.6198936644269699,0.0,0,True,detour
stale_high_score,109,no_age,38.73809523809525,0.5469949996950163,66,True,38.0,0.40461329017554615,27.0,0.24603174603174588,0.0,0,True,direct
high_variance,100,geometric,38.0,0.40021400036494015,39,True,38.0,0.402079360409026,27.0,0.0,0.0,0,True,direct
high_variance,100,linear,50.267857142857125,1.1599819999901229,146,True,38.0,0.402079360409026,27.0,4.089285714285715,0.0,0,True,direct
high_variance,100,nonlinear,39.86904761904764,0.761198000418517,96,True,38.0,0.402079360409026,27.0,0.6230158730158727,0.0,0,True,direct
high_variance,100,full,51.54761904761906,1.4008460002514767,185,True,38.0,0.402079360409026,27.0,4.515873015873016,0.0,0,True,direct
high_variance,100,no_variance,39.86904761904764,0.7015279998086044,96,True,38.0,0.402079360409026,27.0,0.6230158730158727,0.0,0,True,direct
high_variance,100,no_count,51.54761904761906,7.990371000232699,185,True,38.0,0.402079360409026,27.0,4.515873015873016,0.0,0,True,direct
high_variance,100,no_age,51.54761904761906,1.4070700003685488,185,True,38.0,0.402079360409026,27.0,4.515873015873016,0.0,0,True,direct
high_variance,101,geometric,38.0,0.3839420000986138,39,True,38.0,0.4024611726988474,27.0,0.0,0.0,0,True,direct
high_variance,101,linear,50.23809523809523,1.2694160000137344,144,True,38.0,0.4024611726988474,27.0,4.07936507936508,0.0,0,True,direct
high_variance,101,nonlinear,39.857142857142875,0.822367999717244,96,True,38.0,0.4024611726988474,27.0,0.6190476190476187,0.0,0,True,direct
high_variance,101,full,51.55952380952381,1.6053300000749005,185,True,38.0,0.4024611726988474,27.0,4.519841269841269,0.0,0,True,direct
high_variance,101,no_variance,39.857142857142875,0.9358820002489665,96,True,38.0,0.4024611726988474,27.0,0.6190476190476187,0.0,0,True,direct
high_variance,101,no_count,51.55952380952381,2.1138380002412305,185,True,38.0,0.4024611726988474,27.0,4.519841269841269,0.0,0,True,direct
high_variance,101,no_age,51.55952380952381,1.4233150000109163,185,True,38.0,0.4024611726988474,27.0,4.519841269841269,0.0,0,True,direct
high_variance,102,geometric,38.0,0.47883600018394645,39,True,38.0,0.4031286675865101,27.0,0.0,0.0,0,True,direct
high_variance,102,linear,50.36309523809523,1.381865000439575,146,True,38.0,0.4031286675865101,27.0,4.121031746031747,0.0,0,True,direct
high_variance,102,nonlinear,39.875000000000014,11.207101999843871,98,True,38.0,0.4031286675865101,27.0,0.6249999999999997,0.0,0,True,direct
high_variance,102,full,51.57738095238095,1.0760310001387552,186,True,38.0,0.4031286675865101,27.0,4.525793650793651,0.0,0,True,direct
high_variance,102,no_variance,39.875000000000014,0.6592859999727807,98,True,38.0,0.4031286675865101,27.0,0.6249999999999997,0.0,0,True,direct
high_variance,102,no_count,51.57738095238095,1.491342999997869,187,True,38.0,0.4031286675865101,27.0,4.525793650793651,0.0,0,True,direct
high_variance,102,no_age,51.57738095238095,11.43760700006169,186,True,38.0,0.4031286675865101,27.0,4.525793650793651,0.0,0,True,direct
high_variance,103,geometric,38.0,0.4322419999880367,39,True,38.0,0.3945041987081544,27.0,0.0,0.0,0,True,direct
high_variance,103,linear,50.29761904761904,0.8838830003696785,146,True,38.0,0.3945041987081544,27.0,4.09920634920635,0.0,0,True,direct
high_variance,103,nonlinear,39.86904761904764,0.6258820003495202,96,True,38.0,0.3945041987081544,27.0,0.6230158730158727,0.0,0,True,direct
high_variance,103,full,51.55952380952382,12.809774999823276,185,True,38.0,0.3945041987081544,27.0,4.51984126984127,0.0,0,True,direct
high_variance,103,no_variance,39.86904761904764,0.8476540001538524,96,True,38.0,0.3945041987081544,27.0,0.6230158730158727,0.0,0,True,direct
high_variance,103,no_count,51.55952380952382,2.009380999879795,185,True,38.0,0.3945041987081544,27.0,4.51984126984127,0.0,0,True,direct
high_variance,103,no_age,51.55952380952382,1.4323390000754443,185,True,38.0,0.3945041987081544,27.0,4.51984126984127,0.0,0,True,direct
high_variance,104,geometric,38.0,0.40880000005927286,39,True,38.0,0.4000006735422595,27.0,0.0,0.0,0,True,direct
high_variance,104,linear,50.28571428571427,1.2813339999411255,146,True,38.0,0.4000006735422595,27.0,4.095238095238096,0.0,0,True,direct
high_variance,104,nonlinear,39.88095238095241,1.0817190000125265,98,True,38.0,0.4000006735422595,27.0,0.6269841269841268,0.0,0,True,direct
high_variance,104,full,51.57142857142858,1.0919979999926,186,True,38.0,0.4000006735422595,27.0,4.523809523809524,0.0,0,True,direct
high_variance,104,no_variance,39.88095238095241,0.6757510000170441,98,True,38.0,0.4000006735422595,27.0,0.6269841269841268,0.0,0,True,direct
high_variance,104,no_count,51.57142857142858,1.648635000037757,186,True,38.0,0.4000006735422595,27.0,4.523809523809524,0.0,0,True,direct
high_variance,104,no_age,51.57142857142858,1.4788220000809815,186,True,38.0,0.4000006735422595,27.0,4.523809523809524,0.0,0,True,direct
high_variance,105,geometric,38.0,0.40422599977318896,39,True,38.0,0.40787355724258995,27.0,0.0,0.0,0,True,direct
high_variance,105,linear,50.267857142857125,1.1186410001755576,146,True,38.0,0.40787355724258995,27.0,4.089285714285715,0.0,0,True,direct
high_variance,105,nonlinear,39.88690476190479,0.6774230000701209,98,True,38.0,0.40787355724258995,27.0,0.6289682539682537,0.0,0,True,direct
high_variance,105,full,51.571428571428584,1.2909760002912662,187,True,38.0,0.40787355724258995,27.0,4.5238095238095255,0.0,0,True,direct
high_variance,105,no_variance,39.88690476190479,0.6673670000054699,98,True,38.0,0.40787355724258995,27.0,0.6289682539682537,0.0,0,True,direct
high_variance,105,no_count,51.571428571428584,1.3605890003418608,187,True,38.0,0.40787355724258995,27.0,4.5238095238095255,0.0,0,True,direct
high_variance,105,no_age,51.571428571428584,1.2228079999658803,187,True,38.0,0.40787355724258995,27.0,4.5238095238095255,0.0,0,True,direct
high_variance,106,geometric,38.0,0.4095930003131798,39,True,38.0,0.4050943397318054,27.0,0.0,0.0,0,True,direct
high_variance,106,linear,50.238095238095234,11.620987000242167,145,True,38.0,0.4050943397318054,27.0,4.07936507936508,0.0,0,True,direct
high_variance,106,nonlinear,39.857142857142875,0.7516169998780242,96,True,38.0,0.4050943397318054,27.0,0.6190476190476187,0.0,0,True,direct
high_variance,106,full,51.54761904761905,1.7837259997577348,183,True,38.0,0.4050943397318054,27.0,4.515873015873015,0.0,0,True,direct
high_variance,106,no_variance,39.857142857142875,1.190114000110043,96,True,38.0,0.4050943397318054,27.0,0.6190476190476187,0.0,0,True,direct
high_variance,106,no_count,51.54761904761905,10.548141000072064,183,True,38.0,0.4050943397318054,27.0,4.515873015873015,0.0,0,True,direct
high_variance,106,no_age,51.54761904761905,1.1186269998688658,183,True,38.0,0.4050943397318054,27.0,4.515873015873015,0.0,0,True,direct
high_variance,107,geometric,38.0,0.404085999889503,39,True,38.0,0.4003196420076551,27.0,0.0,0.0,0,True,direct
high_variance,107,linear,50.26190476190475,1.285496000036801,146,True,38.0,0.4003196420076551,27.0,4.087301587301588,0.0,0,True,direct
high_variance,107,nonlinear,39.86904761904764,1.2141070001234766,98,True,38.0,0.4003196420076551,27.0,0.6230158730158727,0.0,0,True,direct
high_variance,107,full,51.55952380952382,1.598104999629868,186,True,38.0,0.4003196420076551,27.0,4.51984126984127,0.0,0,True,direct
high_variance,107,no_variance,39.86904761904764,0.8282479998342751,98,True,38.0,0.4003196420076551,27.0,0.6230158730158727,0.0,0,True,direct
high_variance,107,no_count,51.55952380952382,1.5581900001961912,186,True,38.0,0.4003196420076551,27.0,4.51984126984127,0.0,0,True,direct
high_variance,107,no_age,51.55952380952382,1.8020070001512067,186,True,38.0,0.4003196420076551,27.0,4.51984126984127,0.0,0,True,direct
high_variance,108,geometric,38.0,0.4553520002446021,39,True,38.0,0.40623646747087055,27.0,0.0,0.0,0,True,direct
high_variance,108,linear,50.38690476190475,1.341814000170416,146,True,38.0,0.40623646747087055,27.0,4.128968253968255,0.0,0,True,direct
high_variance,108,nonlinear,39.86904761904764,0.778959999934159,96,True,38.0,0.40623646747087055,27.0,0.6230158730158727,0.0,0,True,direct
high_variance,108,full,51.57142857142858,1.5928019997772935,187,True,38.0,0.40623646747087055,27.0,4.523809523809523,0.0,0,True,direct
high_variance,108,no_variance,39.86904761904764,0.7817219998287328,96,True,38.0,0.40623646747087055,27.0,0.6230158730158727,0.0,0,True,direct
high_variance,108,no_count,51.57142857142858,1.184741000088252,187,True,38.0,0.40623646747087055,27.0,4.523809523809523,0.0,0,True,direct
high_variance,108,no_age,51.57142857142858,1.2843119998251495,187,True,38.0,0.40623646747087055,27.0,4.523809523809523,0.0,0,True,direct
high_variance,109,geometric,38.0,0.3312879998702556,39,True,38.0,0.40461329017554615,27.0,0.0,0.0,0,True,direct
high_variance,109,linear,50.38095238095236,1.0680969999157242,146,True,38.0,0.40461329017554615,27.0,4.126984126984128,0.0,0,True,direct
high_variance,109,nonlinear,39.89285714285716,0.7118590001482517,98,True,38.0,0.40461329017554615,27.0,0.6309523809523806,0.0,0,True,direct
high_variance,109,full,51.595238095238095,11.740706999717077,188,True,38.0,0.40461329017554615,27.0,4.531746031746032,0.0,0,True,direct
high_variance,109,no_variance,39.89285714285716,0.5615850000140199,98,True,38.0,0.40461329017554615,27.0,0.6309523809523806,0.0,0,True,direct
high_variance,109,no_count,51.595238095238095,1.2460269999792217,188,True,38.0,0.40461329017554615,27.0,4.531746031746032,0.0,0,True,direct
high_variance,109,no_age,51.595238095238095,1.5463909999198222,188,True,38.0,0.40461329017554615,27.0,4.531746031746032,0.0,0,True,direct
unobserved_direct_route,100,geometric,38.0,0.3244750000703789,39,True,38.0,0.402079360409026,27.0,0.0,27.0,0,True,direct
unobserved_direct_route,100,linear,69.66792026059679,1.668156000050658,267,True,56.48528137423857,0.9018599913023024,0.0,4.394212962119417,0.0,0,True,detour
unobserved_direct_route,100,nonlinear,57.85151299289684,1.5819489999557845,231,True,56.48528137423857,0.9009776776729489,0.0,0.45541053955274,0.0,0,True,detour
unobserved_direct_route,100,full,58.373703005166774,11.87069799971141,232,True,56.48528137423856,0.9017782394339952,0.0,0.6294738769760696,0.0,0,True,detour
unobserved_direct_route,100,no_variance,57.860952197882725,1.1806389998127997,231,True,56.48528137423857,0.9007125892595009,0.0,0.45855694121469814,0.0,0,True,detour
unobserved_direct_route,100,no_count,58.373703005166774,1.7729020000842866,232,True,56.48528137423856,0.9017782394339952,0.0,0.6294738769760696,0.0,0,True,detour
unobserved_direct_route,100,no_age,58.373703005166774,12.979395999991539,232,True,56.48528137423856,0.9017782394339952,0.0,0.6294738769760696,0.0,0,True,detour
unobserved_direct_route,101,geometric,38.0,0.2651279996825906,39,True,38.0,0.4024611726988474,27.0,0.0,27.0,0,True,direct
unobserved_direct_route,101,linear,69.65210565196888,1.5137229997890245,265,True,56.48528137423856,0.9020996000398159,0.0,4.388941425910107,0.0,0,True,detour
unobserved_direct_route,101,nonlinear,57.85397854981573,1.570734999859269,232,True,56.48528137423856,0.900996869559616,0.0,0.45623239185903586,0.0,0,True,detour
unobserved_direct_route,101,full,58.392581415138494,1.7775289998098742,232,True,56.48528137423857,0.9012559389076762,0.0,0.6357666802999858,0.0,0,True,detour
unobserved_direct_route,101,no_variance,57.85397854981573,2.070444999844767,232,True,56.48528137423856,0.900996869559616,0.0,0.45623239185903586,0.0,0,True,detour
unobserved_direct_route,101,no_count,58.392581415138494,11.68289699990055,232,True,56.48528137423857,0.9012559389076762,0.0,0.6357666802999858,0.0,0,True,detour
unobserved_direct_route,101,no_age,58.392581415138494,1.797062999685295,232,True,56.48528137423857,0.9012559389076762,0.0,0.6357666802999858,0.0,0,True,detour
unobserved_direct_route,102,geometric,38.0,0.4903550002381962,39,True,38.0,0.4031286675865101,27.0,0.0,27.0,0,True,direct
unobserved_direct_route,102,linear,69.99427994586318,8.312406000186456,268,True,56.48528137423856,0.9001704312092221,0.0,4.502999523874866,0.0,0,True,detour
unobserved_direct_route,102,nonlinear,57.84309505502557,1.246499999979278,232,True,56.48528137423856,0.8995214922017276,0.0,0.4526045602623172,0.0,0,True,detour
unobserved_direct_route,102,full,58.46298871945247,1.7626240000936377,233,True,56.48528137423856,0.8999106795374221,0.0,0.6592357817379743,0.0,0,True,detour
unobserved_direct_route,102,no_variance,57.84309505502557,1.8104439996022847,232,True,56.48528137423856,0.8995214922017276,0.0,0.4526045602623172,0.0,0,True,detour
unobserved_direct_route,102,no_count,58.46298871945247,1.8441950001033547,233,True,56.48528137423856,0.8999106795374221,0.0,0.6592357817379743,0.0,0,True,detour
unobserved_direct_route,102,no_age,58.46298871945247,2.058016000319185,233,True,56.48528137423856,0.8999106795374221,0.0,0.6592357817379743,0.0,0,True,detour
unobserved_direct_route,103,geometric,38.0,0.280367999948794,39,True,38.0,0.3945041987081544,27.0,0.0,27.0,0,True,direct
unobserved_direct_route,103,linear,69.67344961885951,1.4687449997836666,265,True,56.48528137423856,0.9021587731437958,0.0,4.396056081540317,0.0,0,True,detour
unobserved_direct_route,103,nonlinear,57.789523626454134,1.8356690002292453,231,True,56.48528137423856,0.9016783241967313,0.0,0.4347474174051742,0.0,0,True,detour
unobserved_direct_route,103,full,58.35235903827615,12.274202999833506,232,True,56.48528137423856,0.9020108984359384,0.0,0.6223592213458575,0.0,0,True,detour
unobserved_direct_route,103,no_variance,57.80142838835889,1.5442340004483412,231,True,56.48528137423856,0.9016783241967313,0.0,0.43871567137342815,0.0,0,True,detour
unobserved_direct_route,103,no_count,58.35235903827615,1.5923079999993206,232,True,56.48528137423856,0.9020108984359384,0.0,0.6223592213458575,0.0,0,True,detour
unobserved_direct_route,103,no_age,58.35235903827615,11.186508999799116,232,True,56.48528137423856,0.9020108984359384,0.0,0.6223592213458575,0.0,0,True,detour
unobserved_direct_route,104,geometric,38.0,0.42352899981779046,39,True,38.0,0.4000006735422595,27.0,0.0,27.0,0,True,direct
unobserved_direct_route,104,linear,69.93577740345395,2.543650000006892,267,True,56.48528137423856,0.9002400352592081,0.0,4.483498676405131,0.0,0,True,detour
unobserved_direct_route,104,nonlinear,57.827703469087325,1.6556270002183737,231,True,56.48528137423856,0.8998518751352786,0.0,0.447474031616232,0.0,0,True,detour
unobserved_direct_route,104,full,58.40695173396216,1.5982919999260048,232,True,56.48528137423856,0.9000128955377767,0.0,0.6405567865745357,0.0,0,True,detour
unobserved_direct_route,104,no_variance,57.827703469087325,1.766724999924918,231,True,56.48528137423856,0.8998518751352786,0.0,0.447474031616232,0.0,0,True,detour
unobserved_direct_route,104,no_count,58.40695173396216,1.7600270002731122,232,True,56.48528137423856,0.9000128955377767,0.0,0.6405567865745357,0.0,0,True,detour
unobserved_direct_route,104,no_age,58.40695173396216,2.164616999834834,232,True,56.48528137423856,0.9000128955377767,0.0,0.6405567865745357,0.0,0,True,detour
unobserved_direct_route,105,geometric,38.0,0.35854500038112747,39,True,38.0,0.40787355724258995,27.0,0.0,27.0,0,True,direct
unobserved_direct_route,105,linear,69.91869372675701,1.7374580002069706,266,True,56.48528137423857,0.8997863184563398,0.0,4.477804117506146,0.0,0,True,detour
unobserved_direct_route,105,nonlinear,57.807380769311294,1.798499999949854,232,True,56.48528137423856,0.8989225661423029,0.0,0.44069979835755524,0.0,0,True,detour
unobserved_direct_route,105,full,58.41145982511025,11.138018999645283,232,True,56.48528137423857,0.8997863184563398,0.0,0.6420594836239022,0.0,0,True,detour
unobserved_direct_route,105,no_variance,57.807380769311294,1.7822119998527342,232,True,56.48528137423856,0.8989225661423029,0.0,0.44069979835755524,0.0,0,True,detour
unobserved_direct_route,105,no_count,58.41145982511025,2.026823000051081,232,True,56.48528137423857,0.8997863184563398,0.0,0.6420594836239022,0.0,0,True,detour
unobserved_direct_route,105,no_age,58.41145982511025,2.37024600028235,232,True,56.48528137423857,0.8997863184563398,0.0,0.6420594836239022,0.0,0,True,detour
unobserved_direct_route,106,geometric,38.0,0.5863010001121438,39,True,38.0,0.4050943397318054,27.0,0.0,27.0,0,True,direct
unobserved_direct_route,106,linear,69.94648567650881,12.40697100001853,268,True,56.48528137423857,0.900173616925142,0.0,4.487068100756765,0.0,0,True,detour
unobserved_direct_route,106,nonlinear,57.86384077749128,1.5148729999054922,232,True,56.48528137423856,0.8998652251062051,0.0,0.45951980108421897,0.0,0,True,detour
unobserved_direct_route,106,full,58.4812688849993,2.1117679998496897,232,True,56.48528137423856,0.8995244393107299,0.0,0.6653291702535804,0.0,0,True,detour
unobserved_direct_route,106,no_variance,57.86384077749128,10.854976000246097,232,True,56.48528137423856,0.8998652251062051,0.0,0.45951980108421897,0.0,0,True,detour
unobserved_direct_route,106,no_count,58.4812688849993,1.7729760002112016,232,True,56.48528137423856,0.8995244393107299,0.0,0.6653291702535804,0.0,0,True,detour
unobserved_direct_route,106,no_age,58.4812688849993,2.0442740001271886,232,True,56.48528137423856,0.8995244393107299,0.0,0.6653291702535804,0.0,0,True,detour
unobserved_direct_route,107,geometric,38.0,0.4934419998789963,39,True,38.0,0.4003196420076551,27.0,0.0,27.0,0,True,direct
unobserved_direct_route,107,linear,69.75762899757221,13.949250000223401,266,True,56.48528137423856,0.9010386321482824,0.0,4.424115874444547,0.0,0,True,detour
unobserved_direct_route,107,nonlinear,57.78705806953526,1.808210000035615,231,True,56.48528137423856,0.9009843484720285,0.0,0.4339255650988785,0.0,0,True,detour
unobserved_direct_route,107,full,58.3950469720574,11.90602199994828,232,True,56.48528137423856,0.9007497779089718,0.0,0.6365885326062817,0.0,0,True,detour
unobserved_direct_route,107,no_variance,57.78705806953526,1.2146849999226106,231,True,56.48528137423856,0.9009843484720285,0.0,0.4339255650988785,0.0,0,True,detour
unobserved_direct_route,107,no_count,58.383142210152634,1.9833209998978418,232,True,56.48528137423856,0.9007497779089718,0.0,0.6326202786380277,0.0,0,True,detour
unobserved_direct_route,107,no_age,58.3950469720574,11.61367299982885,232,True,56.48528137423856,0.9007497779089718,0.0,0.6365885326062817,0.0,0,True,detour
unobserved_direct_route,108,geometric,38.0,0.33445000008214265,39,True,38.0,0.40623646747087055,27.0,0.0,27.0,0,True,direct
unobserved_direct_route,108,linear,69.6794019998119,1.6469189999952505,266,True,56.48528137423857,0.901689619825126,0.0,4.3980402085244465,0.0,0,True,detour
unobserved_direct_route,108,nonlinear,57.82770346908732,1.9711929999175481,231,True,56.48528137423856,0.9000768401535798,0.0,0.447474031616232,0.0,0,True,detour
unobserved_direct_route,108,full,58.380676653233735,2.043349999894417,232,True,56.48528137423857,0.901354189853836,0.0,0.6317984263317319,0.0,0,True,detour
unobserved_direct_route,108,no_variance,57.83960823099208,1.9883079999090114,232,True,56.48528137423856,0.8998324003940843,0.0,0.45144228558448607,0.0,0,True,detour
unobserved_direct_route,108,no_count,58.380676653233735,11.609770000177377,232,True,56.48528137423857,0.901354189853836,0.0,0.6317984263317319,0.0,0,True,detour
unobserved_direct_route,108,no_age,58.380676653233735,2.549037999870052,232,True,56.48528137423857,0.901354189853836,0.0,0.6317984263317319,0.0,0,True,detour
unobserved_direct_route,109,geometric,38.0,5.85208100028467,39,True,38.0,0.40461329017554615,27.0,0.0,27.0,0,True,direct
unobserved_direct_route,109,linear,69.62089945740267,3.9879060000203026,267,True,56.48528137423856,0.9024565387584661,0.0,4.3785393610547105,0.0,0,True,detour
unobserved_direct_route,109,nonlinear,57.79403171760225,2.3217580001073657,232,True,56.48528137423856,0.9019901028058672,0.0,0.43625011445454087,0.0,0,True,detour
unobserved_direct_route,109,full,58.36877189132898,2.5193820001732092,232,True,56.48528137423856,0.9022428330844049,0.0,0.6278301723634779,0.0,0,True,detour
unobserved_direct_route,109,no_variance,57.79403171760225,5.5175520001284895,232,True,56.48528137423856,0.9019901028058672,0.0,0.43625011445454087,0.0,0,True,detour
unobserved_direct_route,109,no_count,58.34496236751946,1.652348999868991,232,True,56.48528137423856,0.9024119628793081,0.0,0.6198936644269699,0.0,0,True,detour
unobserved_direct_route,109,no_age,58.36877189132898,1.693261000127677,232,True,56.48528137423856,0.9022428330844049,0.0,0.6278301723634779,0.0,0,True,detour
no_path,100,geometric,,1.4653139996880782,152,False,,,,,,0,False,no_path
no_path,100,linear,,1.6677079997862165,152,False,,,,,,0,False,no_path
no_path,100,nonlinear,,1.9237910000811098,152,False,,,,,,0,False,no_path
no_path,100,full,,4.58428100000674,152,False,,,,,,0,False,no_path
no_path,100,no_variance,,0.983411000106571,152,False,,,,,,0,False,no_path
no_path,100,no_count,,1.3061879999440862,152,False,,,,,,0,False,no_path
no_path,100,no_age,,1.5058499998303887,152,False,,,,,,0,False,no_path
no_path,101,geometric,,1.5493920000153594,152,False,,,,,,0,False,no_path
no_path,101,linear,,12.24214200010465,152,False,,,,,,0,False,no_path
no_path,101,nonlinear,,0.850020999678236,152,False,,,,,,0,False,no_path
no_path,101,full,,1.071252000201639,152,False,,,,,,0,False,no_path
no_path,101,no_variance,,1.1591319998842664,152,False,,,,,,0,False,no_path
no_path,101,no_count,,1.3422299998637754,152,False,,,,,,0,False,no_path
no_path,101,no_age,,1.429383999948186,152,False,,,,,,0,False,no_path
no_path,102,geometric,,1.2729509999189759,152,False,,,,,,0,False,no_path
no_path,102,linear,,1.2544020000859746,152,False,,,,,,0,False,no_path
no_path,102,nonlinear,,1.0753329997896799,152,False,,,,,,0,False,no_path
no_path,102,full,,4.744711000057578,152,False,,,,,,0,False,no_path
no_path,102,no_variance,,5.373260999931517,152,False,,,,,,0,False,no_path
no_path,102,no_count,,1.1299389998384868,152,False,,,,,,0,False,no_path
no_path,102,no_age,,1.230024000051344,152,False,,,,,,0,False,no_path
no_path,103,geometric,,1.3172539997867716,152,False,,,,,,0,False,no_path
no_path,103,linear,,1.6167599997061188,152,False,,,,,,0,False,no_path
no_path,103,nonlinear,,4.033368999898812,152,False,,,,,,0,False,no_path
no_path,103,full,,2.754251000169461,152,False,,,,,,0,False,no_path
no_path,103,no_variance,,1.125555999806238,152,False,,,,,,0,False,no_path
no_path,103,no_count,,1.027487000101246,152,False,,,,,,0,False,no_path
no_path,103,no_age,,1.274671000373928,152,False,,,,,,0,False,no_path
no_path,104,geometric,,1.3934399999016023,152,False,,,,,,0,False,no_path
no_path,104,linear,,1.5894790003585513,152,False,,,,,,0,False,no_path
no_path,104,nonlinear,,7.676185000036639,152,False,,,,,,0,False,no_path
no_path,104,full,,1.4545940002790303,152,False,,,,,,0,False,no_path
no_path,104,no_variance,,1.439242000287777,152,False,,,,,,0,False,no_path
no_path,104,no_count,,1.6115130001708167,152,False,,,,,,0,False,no_path
no_path,104,no_age,,1.8220179999843822,152,False,,,,,,0,False,no_path
no_path,105,geometric,,1.9306030003463093,152,False,,,,,,0,False,no_path
no_path,105,linear,,10.807332000240422,152,False,,,,,,0,False,no_path
no_path,105,nonlinear,,0.8414620001531148,152,False,,,,,,0,False,no_path
no_path,105,full,,0.9139629996752774,152,False,,,,,,0,False,no_path
no_path,105,no_variance,,1.166283999737061,152,False,,,,,,0,False,no_path
no_path,105,no_count,,1.3395099999797822,152,False,,,,,,0,False,no_path
no_path,105,no_age,,1.5503229997193557,152,False,,,,,,0,False,no_path
no_path,106,geometric,,1.5086399998835986,152,False,,,,,,0,False,no_path
no_path,106,linear,,1.500037999903725,152,False,,,,,,0,False,no_path
no_path,106,nonlinear,,4.169653999724687,152,False,,,,,,0,False,no_path
no_path,106,full,,4.240743000082148,152,False,,,,,,0,False,no_path
no_path,106,no_variance,,1.0567809999884048,152,False,,,,,,0,False,no_path
no_path,106,no_count,,0.8638549998067901,152,False,,,,,,0,False,no_path
no_path,106,no_age,,0.9431169996787503,152,False,,,,,,0,False,no_path
no_path,107,geometric,,1.4744760001121904,152,False,,,,,,0,False,no_path
no_path,107,linear,,1.1007790003532136,152,False,,,,,,0,False,no_path
no_path,107,nonlinear,,1.1323960002300737,152,False,,,,,,0,False,no_path
no_path,107,full,,1.0592949997771939,152,False,,,,,,0,False,no_path
no_path,107,no_variance,,1.10516800032201,152,False,,,,,,0,False,no_path
no_path,107,no_count,,1.0047929999927874,152,False,,,,,,0,False,no_path
no_path,107,no_age,,9.01140399992073,152,False,,,,,,0,False,no_path
no_path,108,geometric,,0.8140049999383336,152,False,,,,,,0,False,no_path
no_path,108,linear,,0.9781069998098246,152,False,,,,,,0,False,no_path
no_path,108,nonlinear,,1.0240409997095412,152,False,,,,,,0,False,no_path
no_path,108,full,,1.29306999997425,152,False,,,,,,0,False,no_path
no_path,108,no_variance,,1.39228899979571,152,False,,,,,,0,False,no_path
no_path,108,no_count,,1.314739000008558,152,False,,,,,,0,False,no_path
no_path,108,no_age,,1.2631239997062949,152,False,,,,,,0,False,no_path
no_path,109,geometric,,1.1781369998971059,152,False,,,,,,0,False,no_path
no_path,109,linear,,10.968520999995235,152,False,,,,,,0,False,no_path
no_path,109,nonlinear,,1.10750600015308,152,False,,,,,,0,False,no_path
no_path,109,full,,1.3050229999862495,152,False,,,,,,0,False,no_path
no_path,109,no_variance,,1.3448160002553777,152,False,,,,,,0,False,no_path
no_path,109,no_count,,10.46664800014696,152,False,,,,,,0,False,no_path
no_path,109,no_age,,1.022428999931435,152,False,,,,,,0,False,no_path
