stamp,x,y,yaw,v,w,collisions,blocked_commands,distance,quality_enabled,top_blocked,all_blocked,reset_sequence,evidence
1789808745.4348776,-4.3,0.0,0.0,0.0,0.0,0,0,0.0,True,False,True,5,synthetic_2d_kinematics_ideal_odometry
1789808745.4600213,-4.3,0.0,0.0,0.0,0.0,0,0,0.0,True,False,True,5,synthetic_2d_kinematics_ideal_odometry
1789808745.48503,-4.3,0.0,0.0,0.0,0.0,0,0,0.0,True,False,True,5,synthetic_2d_kinematics_ideal_odometry
1789808745.5098643,-4.28509809961046,0.00013880168128944996,0.01862818350001305,0.5999999999999999,0.75,0,0,0.0149025468000103,True,False,True,5,synthetic_2d_kinematics_ideal_odometry
1789808745.5351975,-4.269921423619192,0.0005656421850177089,0.037606530000019234,0.5999999999999999,0.75,0,0,0.03008522400001507,True,False,True,5,synthetic_2d_kinematics_ideal_odometry
1789808745.559587,-4.25527342525582,0.0012512518129552566,0.05593657350000569,0.5999999999999999,0.75,0,0,0.04474925880000392,True,False,True,5,synthetic_2d_kinematics_ideal_odometry
1789808745.5847964,-4.240181889021335,0.002239480905023037,0.07484139524999023,0.5999999999999999,0.75,0,0,0.059873116199991624,True,False,True,5,synthetic_2d_kinematics_ideal_odometry
1789808745.6098726,-4.225191589827251,0.0035053147784890656,0.09364595775002725,0.5999999999999999,0.75,0,0,0.07491676620002119,True,False,True,5,synthetic_2d_kinematics_ideal_odometry
1789808745.6347775,-4.210328989457451,0.005041367361976197,0.11232316425001442,0.5999999999999999,0.75,0,0,0.0898585314000107,True,False,True,5,synthetic_2d_kinematics_ideal_odometry
1789808745.6598907,-4.1953744539042725,0.0068709716295870995,0.13115571525001715,0.5999999999999999,0.75,0,0,0.10492457220001286,True,False,True,5,synthetic_2d_kinematics_ideal_odometry
1789808745.684857,-4.180541191428166,0.00896915185773753,0.14988186825002006,0.5999999999999999,0.75,0,0,0.11990549460001493,True,False,True,5,synthetic_2d_kinematics_ideal_odometry
1789808745.7099056,-4.165709164094663,0.011327807338956622,0.1655260332500106,0.5999999999999999,0.625,0,0,0.1349238930000061,True,False,True,5,synthetic_2d_kinematics_ideal_odometry
1789808745.7349381,-4.1509110251312515,0.013919083132857175,0.18117530700001086,0.5999999999999999,0.625,0,0,0.14994719580000607,True,False,True,5,synthetic_2d_kinematics_ideal_odometry
1789808745.7598646,-4.1362245425210595,0.01672779722753882,0.19675098074999656,0.5999999999999999,0.625,0,0,0.1648998425999922,True,False,True,5,synthetic_2d_kinematics_ideal_odometry
1789808745.78505,-4.121429374040601,0.01979817113434045,0.2124909813750051,0.5999999999999999,0.625,0,0,0.18001024320000003,True,False,True,5,synthetic_2d_kinematics_ideal_odometry
1789808745.809607,-4.107040168240893,0.02301845689263883,0.2278505138750262,0.5999999999999999,0.625,0,0,0.19475539440002035,True,False,True,5,synthetic_2d_kinematics_ideal_odometry
1789808745.8348625,-4.092313559935188,0.026555861673461828,0.24362707825000027,0.5999999999999999,0.625,0,0,0.20990089619999538,True,False,True,5,synthetic_2d_kinematics_ideal_odometry
1789808745.8599534,-4.0777332193959355,0.030301635708933735,0.25930812887499854,0.5999999999999999,0.625,0,0,0.22495470479999366,True,False,True,5,synthetic_2d_kinematics_ideal_odometry
1789808745.8848014,-4.063343651736617,0.034238837906273495,0.27484821824999983,0.5999999999999999,0.625,0,0,0.23987319059999473,True,False,True,5,synthetic_2d_kinematics_ideal_odometry
1789808745.9097974,-4.048940872017732,0.03842192511582408,0.29047107512501924,0.5999999999999999,0.625,0,0,0.2548711332000131,True,False,True,5,synthetic_2d_kinematics_ideal_odometry
1789808745.9347293,-4.034641094018578,0.04281816229416535,0.30605472012501167,0.5999999999999999,0.625,0,0,0.26983143240000573,True,False,True,5,synthetic_2d_kinematics_ideal_odometry
1789808745.9596632,-4.020411892541089,0.047436588163179125,0.3216379988750049,0.5999999999999999,0.625,0,0,0.2847913799999994,True,False,True,5,synthetic_2d_kinematics_ideal_odometry
1789808745.9851654,-4.005971928402395,0.05237596670766009,0.3375352801250173,0.5999999999999999,0.625,0,0,0.30005277000001124,True,False,True,5,synthetic_2d_kinematics_ideal_odometry
1789808746.00981,-3.992026359702878,0.057391622566955035,0.3529728957499998,0.5999999999999999,0.625,0,0,0.3148728809999945,True,False,True,5,synthetic_2d_kinematics_ideal_odometry
1789808746.034926,-3.9787526350230413,0.06237652800232625,0.3655271252500114,0.5647058823529411,0.5,0,0,0.3290517754941253,True,False,True,5,synthetic_2d_kinematics_ideal_odometry
1789808746.0601025,-3.965506968095403,0.06754180566157202,0.3781152402500112,0.5647058823529411,0.5,0,0,0.3432689406705955,True,False,True,5,synthetic_2d_kinematics_ideal_odometry
1789808746.084994,-3.952476497739519,0.0728119977854424,0.39056056075001777,0.5647058823529411,0.5,0,0,0.35732483205883836,True,False,True,5,synthetic_2d_kinematics_ideal_odometry
1789808746.1099832,-3.9386375757838996,0.07858561276945353,0.3999324433750004,0.5999999999999999,0.375,0,0,0.3723198442588106,True,False,True,5,synthetic_2d_kinematics_ideal_odometry
1789808746.135047,-3.9248153371041954,0.08450516865886479,0.409330237000006,0.5999999999999999,0.375,0,0,0.3873563140588193,True,False,True,5,synthetic_2d_kinematics_ideal_odometry
1789808746.1602185,-3.9109966046475657,0.09057783011198069,0.41876410600001884,0.5999999999999999,0.375,0,0,0.4024505044588398,True,False,True,5,synthetic_2d_kinematics_ideal_odometry
1789808746.1849632,-3.8982494454778784,0.09632252411368686,0.4280489151250179,0.5647058823529411,0.375,0,0,0.41643233467060325,True,False,True,5,synthetic_2d_kinematics_ideal_odometry
1789808746.2100408,-3.8853890006891385,0.10226349402406504,0.43745627312500085,0.5647058823529411,0.375,0,0,0.43059870907057757,True,False,True,5,synthetic_2d_kinematics_ideal_odometry
1789808746.2347317,-3.8719907713314616,0.1086053383363314,0.4467208633750203,0.5999999999999999,0.375,0,0,0.44542205347060887,True,False,True,5,synthetic_2d_kinematics_ideal_odometry
1789808746.2597787,-3.8584738565428127,0.11515836008494258,0.4561093761250134,0.5999999999999999,0.375,0,0,0.4604436738705979,True,False,True,5,synthetic_2d_kinematics_ideal_odometry
1789808746.2847917,-3.845026416419955,0.12183429952255848,0.4654927435000004,0.5999999999999999,0.375,0,0,0.4754570616705771,True,False,True,5,synthetic_2d_kinematics_ideal_odometry
1789808746.309693,-3.831707006791804,0.12860281440544777,0.4748305753750088,0.5999999999999999,0.375,0,0,0.49039759267059063,True,False,True,5,synthetic_2d_kinematics_ideal_odometry
1789808746.3346944,-3.8183981739005772,0.1355233903563196,0.4842059796250097,0.5999999999999999,0.375,0,0,0.5053982394705919,True,False,True,5,synthetic_2d_kinematics_ideal_odometry
1789808746.3595936,-3.8059827216048583,0.14212771900679688,0.49354451687501916,0.5647058823529411,0.375,0,0,0.519460977917665,True,False,True,5,synthetic_2d_kinematics_ideal_odometry
1789808746.385696,-3.7930576095260755,0.1491624225363711,0.5033165203750158,0.5647058823529411,0.375,0,0,0.5341764655411894,True,False,True,5,synthetic_2d_kinematics_ideal_odometry
1789808746.4097881,-3.7811553611020035,0.15578632467050416,0.5123619096250067,0.5647058823529411,0.375,0,0,0.5477977575882346,True,False,True,5,synthetic_2d_kinematics_ideal_odometry
1789808746.434826,-3.7688674564482403,0.1627739461940548,0.521748931750011,0.5647058823529411,0.375,0,0,0.5619335085529468,True,False,True,5,synthetic_2d_kinematics_ideal_odometry
1789808746.4598653,-3.7566418414788307,0.16987886295613655,0.5311389141250018,0.5647058823529411,0.375,0,0,0.5760737173058741,True,False,True,5,synthetic_2d_kinematics_ideal_odometry
1789808746.485075,-3.7444064749140153,0.1771444804719349,0.540588535000019,0.5647058823529411,0.375,0,0,0.5903037346235472,True,False,True,5,synthetic_2d_kinematics_ideal_odometry
1789808746.5099566,-3.731639219195378,0.18488903914921298,0.5499213778750089,0.5999999999999999,0.375,0,0,0.605236283223531,True,False,True,5,synthetic_2d_kinematics_ideal_odometry
1789808746.534702,-3.719005987264109,0.19271411599067428,0.5592091045000201,0.5999999999999999,0.375,0,0,0.6200966458235492,True,False,True,5,synthetic_2d_kinematics_ideal_odometry
1789808746.5596645,-3.706348338997076,0.20071856822666828,0.5685692451250118,0.5999999999999999,0.375,0,0,0.6350728708235359,True,False,True,5,synthetic_2d_kinematics_ideal_odometry
1789808746.5848076,-3.693676978505494,0.20889931952710503,0.5779959373750144,0.5999999999999999,0.375,0,0,0.6501555784235401,True,False,True,5,synthetic_2d_kinematics_ideal_odometry
1789808746.6097336,-3.681185487001041,0.21713111936515747,0.5873459016250208,0.5999999999999999,0.375,0,0,0.6651155212235504,True,False,True,5,synthetic_2d_kinematics_ideal_odometry
1789808746.6347072,-3.6687389438082474,0.22547320214695948,0.5935890476250093,0.5999999999999999,0.25,0,0,0.6800990716235229,True,False,True,5,synthetic_2d_kinematics_ideal_odometry
1789808746.6598542,-3.656258938873554,0.2339514975753571,0.5998754971250192,0.5999999999999999,0.25,0,0,0.6951865504235466,True,False,True,5,synthetic_2d_kinematics_ideal_odometry
1789808746.6848626,-3.6439027441965135,0.24245937210621954,0.6061263231250179,0.5999999999999999,0.25,0,0,0.7101885328235436,True,False,True,5,synthetic_2d_kinematics_ideal_odometry
1789808746.7097907,-3.63164824319494,0.2510104083645287,0.6123525698750071,0.5999999999999999,0.25,0,0,0.7251315250235176,True,False,True,5,synthetic_2d_kinematics_ideal_odometry
1789808746.7349393,-3.619322862209149,0.25972609766549193,0.6186424186250078,0.5999999999999999,0.25,0,0,0.7402271620235195,True,False,True,5,synthetic_2d_kinematics_ideal_odometry
1789808746.7594805,-3.6073466985900695,0.26830697570922313,0.6247811498750123,0.5999999999999999,0.25,0,0,0.7549601170235305,True,False,True,5,synthetic_2d_kinematics_ideal_odometry
1789808746.7855394,-3.594702207955567,0.27748829073792125,0.6312920873750086,0.5999999999999999,0.25,0,0,0.7705863670235217,True,False,True,5,synthetic_2d_kinematics_ideal_odometry
1789808746.8115106,-3.582144783666683,0.286731713062524,0.6377890118750073,0.5999999999999999,0.25,0,0,0.7861789858235184,True,False,True,5,synthetic_2d_kinematics_ideal_odometry
1789808746.834815,-3.570941174121817,0.29508549665930894,0.6436120171250151,0.5999999999999999,0.25,0,0,0.8001541984235374,True,False,True,5,synthetic_2d_kinematics_ideal_odometry
1789808746.859972,-3.5588971020825166,0.3041799576837756,0.6499003563750206,0.5999999999999999,0.25,0,0,0.8152462126235505,True,False,True,5,synthetic_2d_kinematics_ideal_odometry
1789808746.8856773,-3.5466503222562125,0.3135503117235617,0.6563255016250124,0.5999999999999999,0.25,0,0,0.8306665612235306,True,False,True,5,synthetic_2d_kinematics_ideal_odometry
1789808746.9100063,-3.535094111052043,0.32247933862907163,0.6593679782500103,0.5999999999999999,0.125,0,0,0.8452704490235203,True,False,True,5,synthetic_2d_kinematics_ideal_odometry
1789808746.9353166,-3.5231147509154366,0.33179480289357666,0.6625294525000099,0.5999999999999999,0.125,0,0,0.8604455254235187,True,False,True,5,synthetic_2d_kinematics_ideal_odometry
1789808746.9597642,-3.5115650239581484,0.3408624804517919,0.668647773250015,0.5999999999999999,0.25,0,0,0.8751294952235309,True,False,True,5,synthetic_2d_kinematics_ideal_odometry
1789808746.985158,-3.4996517934900537,0.35033610561583844,0.6749897990000163,0.5999999999999999,0.25,0,0,0.890350357023534,True,False,True,5,synthetic_2d_kinematics_ideal_odometry
1789808747.0099773,-3.4880390519657185,0.3596903753968213,0.6812029980000175,0.5999999999999999,0.25,0,0,0.9052620346235369,True,False,True,5,synthetic_2d_kinematics_ideal_odometry
1789808747.0347176,-3.476537329975649,0.3690733707575156,0.687387799750013,0.5999999999999999,0.25,0,0,0.920105558823526,True,False,True,5,synthetic_2d_kinematics_ideal_odometry
1789808747.0606716,-3.464538738180031,0.37898896904987056,0.6938734315000231,0.5999999999999999,0.25,0,0,0.9356710750235504,True,False,True,5,synthetic_2d_kinematics_ideal_odometry
1789808747.0848293,-3.4534194030083145,0.38829577691215206,0.6999151885000144,0.5999999999999999,0.25,0,0,0.9501712918235294,True,False,True,5,synthetic_2d_kinematics_ideal_odometry
1789808747.1099718,-3.4419453477625295,0.3979893025101744,0.7030444798750181,0.5999999999999999,0.125,0,0,0.9651918904235467,True,False,True,5,synthetic_2d_kinematics_ideal_odometry
1789808747.1348503,-3.4305310846476584,0.4076936094491787,0.7061657205000172,0.5999999999999999,0.125,0,0,0.9801738454235429,True,False,True,5,synthetic_2d_kinematics_ideal_odometry
1789808747.1599038,-3.4191080822729965,0.4174670417231471,0.7092976916250179,0.5999999999999999,0.125,0,0,0.9952073068235459,True,False,True,5,synthetic_2d_kinematics_ideal_odometry
1789808747.1849875,-3.4077114437073535,0.4272799186633737,0.712430847125013,0.5999999999999999,0.125,0,0,1.0102464532235227,True,False,True,5,synthetic_2d_kinematics_ideal_odometry
1789808747.2099142,-3.3964026851283307,0.4370788398450028,0.7155482467500177,0.5999999999999999,0.125,0,0,1.025209971423545,True,False,True,5,synthetic_2d_kinematics_ideal_odometry
1789808747.2348354,-3.3851158869107083,0.44688957570957766,0.7155482467500177,0.5999999999999999,0.0,0,0,1.0401646480235178,True,False,True,5,synthetic_2d_kinematics_ideal_odometry
1789808747.259952,-3.3737517019234393,0.4567675778742826,0.7155482467500177,0.5999999999999999,0.0,0,0,1.0552218598235419,True,False,True,5,synthetic_2d_kinematics_ideal_odometry
1789808747.2855303,-3.3622880302056943,0.46673205611625157,0.7155482467500177,0.5999999999999999,0.0,0,0,1.070410888623531,True,False,True,5,synthetic_2d_kinematics_ideal_odometry
1789808747.310018,-3.351081638749026,0.4764729006371314,0.7155482467500177,0.5999999999999999,0.0,0,0,1.0852590286235462,True,False,True,5,synthetic_2d_kinematics_ideal_odometry
1789808747.334787,-3.3398618326475575,0.4862559892088659,0.718649495875013,0.5999999999999999,0.125,0,0,1.1001450244235238,True,False,True,5,synthetic_2d_kinematics_ideal_odometry
1789808747.3596048,-3.3286673213776274,0.49607831397211427,0.721752160125014,0.5999999999999999,0.125,0,0,1.1150378128235285,True,False,True,5,synthetic_2d_kinematics_ideal_odometry
1789808747.3849282,-3.3172796068794175,0.5061334951383668,0.7249170905000141,0.5999999999999999,0.125,0,0,1.130229478623529,True,False,True,5,synthetic_2d_kinematics_ideal_odometry
1789808747.4099543,-3.306053636732153,0.5161089021652285,0.7280457768750138,0.5999999999999999,0.125,0,0,1.1452471732235276,True,False,True,5,synthetic_2d_kinematics_ideal_odometry
1789808747.4347599,-3.295613178850121,0.5254446555420316,0.7311459955000145,0.5647058823529411,0.125,0,0,1.1592528667764717,True,False,True,5,synthetic_2d_kinematics_ideal_odometry
1789808747.4598055,-3.2850976594247165,0.5349066536075353,0.7342772421250173,0.5647058823529411,0.125,0,0,1.173398733882367,True,False,True,5,synthetic_2d_kinematics_ideal_odometry
1789808747.4848082,-3.2746319437633327,0.5443832520468076,0.7374024707500125,0.5647058823529411,0.125,0,0,1.1875174137882276,True,False,True,5,synthetic_2d_kinematics_ideal_odometry
1789808747.5099041,-3.2634893692170377,0.5545044716827477,0.7374024707500125,0.5999999999999999,0.0,0,0,1.2025705215882363,True,False,True,5,synthetic_2d_kinematics_ideal_odometry
1789808747.5347073,-3.252469241013405,0.5645144686993059,0.7374024707500125,0.5999999999999999,0.0,0,0,1.2174582099882536,True,False,True,5,synthetic_2d_kinematics_ideal_odometry
1789808747.55949,-3.241481103393703,0.5745265047341834,0.7404994285000085,0.5999999999999999,0.125,0,0,1.2323236071882342,True,False,True,5,synthetic_2d_kinematics_ideal_odometry
1789808747.5850163,-3.2301987358492075,0.584871720808337,0.7436884621250072,0.5999999999999999,0.125,0,0,1.2476309685882279,True,False,True,5,synthetic_2d_kinematics_ideal_odometry
1789808747.609934,-3.219209987361247,0.5950116507667587,0.7468035211250097,0.5999999999999999,0.125,0,0,1.2625832517882394,True,False,True,5,synthetic_2d_kinematics_ideal_odometry
1789808747.6348228,-3.2089120118955994,0.6045736882661495,0.7499141643750065,0.5647058823529411,0.125,0,0,1.2766360401176367,True,False,True,5,synthetic_2d_kinematics_ideal_odometry
1789808747.6600516,-3.198501980534446,0.614300668956761,0.7530678430000108,0.5647058823529411,0.125,0,0,1.2908832470823624,True,False,True,5,synthetic_2d_kinematics_ideal_odometry
1789808747.6849923,-3.1882410661700806,0.6239487600544436,0.7561854970000113,0.5647058823529411,0.125,0,0,1.3049677075058936,True,False,True,5,synthetic_2d_kinematics_ideal_odometry
1789808747.7100132,-3.177332422837705,0.6342379810373566,0.7561854970000113,0.5999999999999999,0.0,0,0,1.3199632591058916,True,False,True,5,synthetic_2d_kinematics_ideal_odometry
1789808747.7349,-3.166458518127981,0.6444944359508138,0.7561854970000113,0.5999999999999999,0.0,0,0,1.3349110573058922,True,False,True,5,synthetic_2d_kinematics_ideal_odometry
1789808747.759994,-3.156144204297802,0.6542230750723128,0.7561854970000113,0.5647058823529411,0.0,0,0,1.3490896146705813,True,False,True,5,synthetic_2d_kinematics_ideal_odometry
1789808747.7851245,-3.1458265954394897,0.6639548221213128,0.7561854970000113,0.5647058823529411,0.0,0,0,1.3632727015411763,True,False,True,5,synthetic_2d_kinematics_ideal_odometry
1789808747.8099723,-3.1356146501345847,0.6735869054799966,0.7561854970000113,0.5647058823529411,0.0,0,0,1.3773105381529553,True,False,True,5,synthetic_2d_kinematics_ideal_odometry
1789808747.8347075,-3.1248298066286484,0.6837909209355413,0.7592786316250084,0.5999999999999999,0.125,0,0,1.392157584352942,True,False,True,5,synthetic_2d_kinematics_ideal_odometry
1789808747.8598187,-3.1139193645390315,0.6941783874844178,0.7624170556250078,0.5999999999999999,0.125,0,0,1.407222019552939,True,False,True,5,synthetic_2d_kinematics_ideal_odometry
1789808747.8848248,-3.103084199775373,0.7045590803721911,0.7655431636250114,0.5999999999999999,0.125,0,0,1.422227337952956,True,False,True,5,synthetic_2d_kinematics_ideal_odometry
1789808747.909804,-3.092279236540116,0.7149432775394169,0.7655431636250114,0.5999999999999999,0.0,0,0,1.437213290752931,True,False,True,5,synthetic_2d_kinematics_ideal_odometry
1789808747.9349482,-3.081419940016282,0.7253796921523699,0.7655431636250114,0.5999999999999999,0.0,0,0,1.4522746011529595,True,False,True,5,synthetic_2d_kinematics_ideal_odometry
1789808747.9596713,-3.070707272770609,0.7356751875135167,0.7655431636250114,0.5999999999999999,0.0,0,0,1.4671325439529541,True,False,True,5,synthetic_2d_kinematics_ideal_odometry
1789808747.9852023,-3.059665959557147,0.74628653073582,0.7655431636250114,0.5999999999999999,0.0,0,0,1.4824463025529613,True,False,True,5,synthetic_2d_kinematics_ideal_odometry
1789808748.010031,-3.048927172135448,0.7566071291030562,0.7655431636250114,0.5999999999999999,0.0,0,0,1.4973404727529502,True,False,True,5,synthetic_2d_kinematics_ideal_odometry
1789808748.0348783,-3.0388099284972414,0.766330387798207,0.7655431636250114,0.5647058823529411,0.0,0,0,1.5113725922823606,True,False,True,5,synthetic_2d_kinematics_ideal_odometry
1789808748.060036,-3.0285699740333545,0.7761715787232666,0.7655431636250114,0.5647058823529411,0.0,0,0,1.5255749056941241,True,False,True,5,synthetic_2d_kinematics_ideal_odometry
1789808748.085019,-3.0183947093894816,0.7859505989744319,0.7655431636250114,0.5647058823529411,0.0,0,0,1.539687497505891,True,False,True,5,synthetic_2d_kinematics_ideal_odometry
1789808748.1099653,-3.007623596434679,0.7963346037534904,0.7686601285000094,0.5999999999999999,0.125,0,0,1.5546489289058816,True,False,True,5,synthetic_2d_kinematics_ideal_odometry
1789808748.1348667,-2.996895121818282,0.8067421864326861,0.7717741226250113,0.5999999999999999,0.125,0,0,1.5695961007058903,True,False,True,5,synthetic_2d_kinematics_ideal_odometry
1789808748.1598172,-2.986161817334821,0.8171869423052209,0.7717741226250113,0.5999999999999999,0.0,0,0,1.5845726407058882,True,False,True,5,synthetic_2d_kinematics_ideal_odometry
1789808748.184967,-2.9753528892136085,0.827705288788711,0.7717741226250113,0.5999999999999999,0.0,0,0,1.5996547009058835,True,False,True,5,synthetic_2d_kinematics_ideal_odometry
1789808748.20989,-2.9646344323626668,0.8381355961848059,0.7717741226250113,0.5999999999999999,0.0,0,0,1.614610523505879,True,False,True,5,synthetic_2d_kinematics_ideal_odometry
1789808748.2348719,-2.954523228436752,0.8479749757296912,0.7717741226250113,0.5647058823529411,0.0,0,0,1.6287190257176567,True,False,True,5,synthetic_2d_kinematics_ideal_odometry
1789808748.2601423,-2.9442973174670675,0.8579259785934609,0.7717741226250113,0.5647058823529411,0.0,0,0,1.6429875825176512,True,False,True,5,synthetic_2d_kinematics_ideal_odometry
1789808748.2848384,-2.9342965533194065,0.8676578873660175,0.7717741226250113,0.5647058823529411,0.0,0,0,1.6569419844000144,True,False,True,5,synthetic_2d_kinematics_ideal_odometry
1789808748.3097527,-2.923600108546419,0.8780992502381413,0.774888242500012,0.5999999999999999,0.125,0,0,1.6718897598000175,True,False,True,5,synthetic_2d_kinematics_ideal_odometry
1789808748.3347962,-2.9128825667674096,0.8886267497732894,0.7780180578750091,0.5999999999999999,0.125,0,0,1.6869128736000043,True,False,True,5,synthetic_2d_kinematics_ideal_odometry
1789808748.3595424,-2.902299735521321,0.8990545177646829,0.7780180578750091,0.5999999999999999,0.0,0,0,1.7017700154000115,True,False,True,5,synthetic_2d_kinematics_ideal_odometry
1789808748.3849165,-2.8914769377863125,0.9097187361741145,0.7780180578750091,0.5999999999999999,0.0,0,0,1.7169640439999898,True,False,True,5,synthetic_2d_kinematics_ideal_odometry
1789808748.4098587,-2.880800113774618,0.9202391197170378,0.7780180578750091,0.5999999999999999,0.0,0,0,1.7319531413999971,True,False,True,5,synthetic_2d_kinematics_ideal_odometry
1789808748.4350035,-2.8700604130876934,0.9308214586446897,0.7780180578750091,0.5999999999999999,0.0,0,0,1.7470305108000093,True,False,True,5,synthetic_2d_kinematics_ideal_odometry
1789808748.4598517,-2.859437707806509,0.9412885164232099,0.7780180578750091,0.5999999999999999,0.0,0,0,1.761943631399997,True,False,True,5,synthetic_2d_kinematics_ideal_odometry
1789808748.4849067,-2.8487445068826487,0.9518250369181938,0.7780180578750091,0.5999999999999999,0.0,0,0,1.776955720200003,True,False,True,5,synthetic_2d_kinematics_ideal_odometry
1789808748.5099988,-2.838636758841325,0.9617846827860554,0.7780180578750091,0.5647058823529411,0.0,0,0,1.7911458969529577,True,False,True,5,synthetic_2d_kinematics_ideal_odometry
1789808748.5347877,-2.828666890984146,0.9716084687372804,0.7780180578750091,0.5647058823529411,0.0,0,0,1.8051425049529373,True,False,True,5,synthetic_2d_kinematics_ideal_odometry
1789808748.5598154,-2.8179823520525336,0.9821694593150423,0.7811478728750103,0.5999999999999999,0.125,0,0,1.8201656169529432,True,False,True,5,synthetic_2d_kinematics_ideal_odometry
1789808748.5849078,-2.8073130790501986,0.9927816391959459,0.7842829382500085,0.5999999999999999,0.125,0,0,1.8352139307529345,True,False,True,5,synthetic_2d_kinematics_ideal_odometry
1789808748.6101134,-2.796625409137886,1.0034791450489842,0.7874332725000102,0.5999999999999999,0.125,0,0,1.8503355351529425,True,False,True,5,synthetic_2d_kinematics_ideal_odometry
1789808748.6348646,-2.786143488670897,1.0140038162809732,0.7874332725000102,0.5999999999999999,0.0,0,0,1.865189469352936,True,False,True,5,synthetic_2d_kinematics_ideal_odometry
1789808748.6601105,-2.7754600930013393,1.024730784436996,0.7874332725000102,0.5999999999999999,0.0,0,0,1.8803289141529493,True,False,True,5,synthetic_2d_kinematics_ideal_odometry
1789808748.6850493,-2.7648997622846876,1.0353341857167389,0.7874332725000102,0.5999999999999999,0.0,0,0,1.895293963552945,True,False,True,5,synthetic_2d_kinematics_ideal_odometry
1789808748.7098422,-2.7550162066320336,1.0452580516890906,0.7874332725000102,0.5647058823529411,0.0,0,0,1.9092999547058878,True,False,True,5,synthetic_2d_kinematics_ideal_odometry
1789808748.7348814,-2.7450387343358913,1.0552762173462227,0.7874332725000102,0.5647058823529411,0.0,0,0,1.9234390351764852,True,False,True,5,synthetic_2d_kinematics_ideal_odometry
1789808748.7594779,-2.735228061224796,1.0651269035238153,0.7874332725000102,0.5647058823529411,0.0,0,0,1.937341744447062,True,False,True,5,synthetic_2d_kinematics_ideal_odometry
1789808748.784872,-2.7251141760988546,1.0752820383737574,0.7874332725000102,0.5647058823529411,0.0,0,0,1.9516741356000151,True,False,True,5,synthetic_2d_kinematics_ideal_odometry
1789808748.8097365,-2.7152020440502618,1.0852345972915671,0.7874332725000102,0.5647058823529411,0.0,0,0,1.9657206223764734,True,False,True,5,synthetic_2d_kinematics_ideal_odometry
1789808748.834742,-2.7046332864792904,1.0958796754830151,0.7905583858750092,0.5999999999999999,0.125,0,0,1.9807211665764686,True,False,True,5,synthetic_2d_kinematics_ideal_odometry
1789808748.8597956,-2.6940818318837274,1.1065740135513467,0.7936882575000084,0.5999999999999999,0.125,0,0,1.9957445503764648,True,False,True,5,synthetic_2d_kinematics_ideal_odometry
1789808748.8848586,-2.6835480327451005,1.117317558663268,0.7968228586250135,0.5999999999999999,0.125,0,0,2.0107906357764893,True,False,True,5,synthetic_2d_kinematics_ideal_odometry
1789808748.9097865,-2.6730961384882193,1.1280110429364896,0.7968228586250135,0.5999999999999999,0.0,0,0,2.025743652176489,True,False,True,5,synthetic_2d_kinematics_ideal_odometry
1789808748.9349084,-2.6625668576607504,1.138783702530012,0.7968228586250135,0.5999999999999999,0.0,0,0,2.040807381776479,True,False,True,5,synthetic_2d_kinematics_ideal_odometry
1789808748.9595566,-2.652855652059899,1.1487500377909348,0.7999030665000149,0.5647058823529411,0.125,0,0,2.054722673823544,True,False,True,5,synthetic_2d_kinematics_ideal_odometry
1789808748.9850883,-2.6428210472646656,1.1591131028749453,0.8030961447500147,0.5647058823529411,0.125,0,0,2.069147874388249,True,False,True,5,synthetic_2d_kinematics_ideal_odometry
1789808749.0100212,-2.633056373250199,1.1692612792900337,0.8062135026250132,0.5647058823529411,0.125,0,0,2.0832309970235365,True,False,True,5,synthetic_2d_kinematics_ideal_odometry
1789808749.0349221,-2.622716009329867,1.1800413354232824,0.8062135026250132,0.5999999999999999,0.0,0,0,2.0981686252235185,True,False,True,5,synthetic_2d_kinematics_ideal_odometry
1789808749.0599892,-2.612302517875894,1.1908976286139128,0.8062135026250132,0.5999999999999999,0.0,0,0,2.1132118930235313,True,False,True,5,synthetic_2d_kinematics_ideal_odometry
1789808749.085061,-2.6018920833360912,1.2017507349044871,0.8062135026250132,0.5999999999999999,0.0,0,0,2.1282507448235197,True,False,True,5,synthetic_2d_kinematics_ideal_odometry
1789808749.1099308,-2.5915790261227674,1.212535831363217,0.809322332000015,0.5999999999999999,0.125,0,0,2.1431731258235276,True,False,True,5,synthetic_2d_kinematics_ideal_odometry
1789808749.1350653,-2.581190549040018,1.2234679980428385,0.8124641805000153,0.5999999999999999,0.125,0,0,2.1582539986235294,True,False,True,5,synthetic_2d_kinematics_ideal_odometry
1789808749.1599827,-2.5709243095144028,1.2343394392156688,0.8155793310000164,0.5999999999999999,0.125,0,0,2.1732067210235346,True,False,True,5,synthetic_2d_kinematics_ideal_odometry
1789808749.1850436,-2.5606387761288834,1.2452996860142487,0.8187107078750132,0.5999999999999999,0.125,0,0,2.188237330023519,True,False,True,5,synthetic_2d_kinematics_ideal_odometry
1789808749.2100754,-2.5503923175320344,1.2562870271822555,0.8218406455000179,0.5999999999999999,0.125,0,0,2.203261030623542,True,False,True,5,synthetic_2d_kinematics_ideal_odometry
1789808749.2349405,-2.5402351243355117,1.2672128791796493,0.8218406455000179,0.5999999999999999,0.0,0,0,2.218178899623518,True,False,True,5,synthetic_2d_kinematics_ideal_odometry
1789808749.2600815,-2.529964256728092,1.2782610080467767,0.8218406455000179,0.5999999999999999,0.0,0,0,2.2332637222235285,True,False,True,5,synthetic_2d_kinematics_ideal_odometry
1789808749.2849345,-2.5198086743439094,1.2891851273315127,0.8218406455000179,0.5999999999999999,0.0,0,0,2.2481792254235238,True,False,True,5,synthetic_2d_kinematics_ideal_odometry
1789808749.3097448,-2.5096714477853945,1.3000895016896081,0.8218406455000179,0.5999999999999999,0.0,0,0,2.263067769423531,True,False,True,5,synthetic_2d_kinematics_ideal_odometry
1789808749.3347313,-2.499459662225903,1.311074077398016,0.8218406455000179,0.5999999999999999,0.0,0,0,2.278065818223518,True,False,True,5,synthetic_2d_kinematics_ideal_odometry
1789808749.3599777,-2.4897499949760804,1.321518536340849,0.8218406455000179,0.5647058823529411,0.0,0,0,2.2923264058941157,True,False,True,5,synthetic_2d_kinematics_ideal_odometry
1789808749.3852062,-2.4800683273269564,1.331932876776797,0.8218406455000179,0.5647058823529411,0.0,0,0,2.3065458705529527,True,False,True,5,synthetic_2d_kinematics_ideal_odometry
1789808749.4100914,-2.4704923877572824,1.342233488023422,0.8218406455000179,0.5647058823529411,0.0,0,0,2.3206100523882442,True,False,True,5,synthetic_2d_kinematics_ideal_odometry
1789808749.4349403,-2.461536111510189,1.351867542119884,0.8218406455000179,0.5294117647058822,0.0,0,0,2.33376413474118,True,False,True,5,synthetic_2d_kinematics_ideal_odometry
1789808749.4598362,-2.452557959854111,1.3615251270753466,0.8218406455000179,0.5294117647058822,0.0,0,0,2.346950345505896,True,False,True,5,synthetic_2d_kinematics_ideal_odometry
1789808749.4850554,-2.4434721408284816,1.3712985272685336,0.8218406455000179,0.5294117647058822,0.0,0,0,2.360294687329406,True,False,True,5,synthetic_2d_kinematics_ideal_odometry
1789808749.5101917,-2.4434721408284816,1.3712985272685336,0.8218406455000179,0.0,0.0,0,0,2.360294687329406,True,False,True,5,synthetic_2d_kinematics_ideal_odometry
1789808749.5352728,-2.4434721408284816,1.3712985272685336,0.8218406455000179,0.0,0.0,0,0,2.360294687329406,True,False,True,5,synthetic_2d_kinematics_ideal_odometry
1789808749.560103,-2.4434721408284816,1.3712985272685336,0.8218406455000179,0.0,0.0,0,0,2.360294687329406,True,False,True,5,synthetic_2d_kinematics_ideal_odometry
1789808749.584814,-2.4434721408284816,1.3712985272685336,0.8218406455000179,0.0,0.0,0,0,2.360294687329406,True,False,True,5,synthetic_2d_kinematics_ideal_odometry
1789808749.6098132,-2.4434721408284816,1.3712985272685336,0.8218406455000179,0.0,0.0,0,0,2.360294687329406,True,False,True,5,synthetic_2d_kinematics_ideal_odometry
1789808749.6347458,-2.4434721408284816,1.3712985272685336,0.8218406455000179,0.0,0.0,0,0,2.360294687329406,True,False,True,5,synthetic_2d_kinematics_ideal_odometry
1789808749.6597908,-2.4434721408284816,1.3712985272685336,0.8218406455000179,0.0,0.0,0,0,2.360294687329406,True,False,True,5,synthetic_2d_kinematics_ideal_odometry
1789808749.6848545,-2.4434721408284816,1.3712985272685336,0.8218406455000179,0.0,0.0,0,0,2.360294687329406,True,False,True,5,synthetic_2d_kinematics_ideal_odometry
1789808749.7098188,-2.4434721408284816,1.3712985272685336,0.8218406455000179,0.0,0.0,0,0,2.360294687329406,True,False,True,5,synthetic_2d_kinematics_ideal_odometry
1789808749.7348208,-2.4434721408284816,1.3712985272685336,0.8218406455000179,0.0,0.0,0,0,2.360294687329406,True,False,True,5,synthetic_2d_kinematics_ideal_odometry
1789808749.7600186,-2.4434721408284816,1.3712985272685336,0.8218406455000179,0.0,0.0,0,0,2.360294687329406,True,False,True,5,synthetic_2d_kinematics_ideal_odometry
1789808749.7851472,-2.4434721408284816,1.3712985272685336,0.8218406455000179,0.0,0.0,0,0,2.360294687329406,True,False,True,5,synthetic_2d_kinematics_ideal_odometry
1789808749.813016,-2.4434721408284816,1.3712985272685336,0.8218406455000179,0.0,0.0,0,0,2.360294687329406,True,False,True,5,synthetic_2d_kinematics_ideal_odometry
1789808749.8349376,-2.4434721408284816,1.3712985272685336,0.8218406455000179,0.0,0.0,0,0,2.360294687329406,True,False,True,5,synthetic_2d_kinematics_ideal_odometry
1789808749.8601274,-2.4434721408284816,1.3712985272685336,0.8218406455000179,0.0,0.0,0,0,2.360294687329406,True,False,True,5,synthetic_2d_kinematics_ideal_odometry
1789808749.8854291,-2.4434721408284816,1.3712985272685336,0.8218406455000179,0.0,0.0,0,0,2.360294687329406,True,False,True,5,synthetic_2d_kinematics_ideal_odometry
1789808749.9101968,-2.4434721408284816,1.3712985272685336,0.8218406455000179,0.0,0.0,0,0,2.360294687329406,True,False,True,5,synthetic_2d_kinematics_ideal_odometry
1789808749.934702,-2.4434721408284816,1.3712985272685336,0.8218406455000179,0.0,0.0,0,0,2.360294687329406,True,False,True,5,synthetic_2d_kinematics_ideal_odometry
1789808749.9597168,-2.4434721408284816,1.3712985272685336,0.8218406455000179,0.0,0.0,0,0,2.360294687329406,True,False,True,5,synthetic_2d_kinematics_ideal_odometry
1789808749.9851148,-2.4434721408284816,1.3712985272685336,0.8218406455000179,0.0,0.0,0,0,2.360294687329406,True,False,True,5,synthetic_2d_kinematics_ideal_odometry
1789808750.010091,-2.4434721408284816,1.3712985272685336,0.8218406455000179,0.0,0.0,0,0,2.360294687329406,True,False,True,5,synthetic_2d_kinematics_ideal_odometry
1789808750.034911,-2.4434721408284816,1.3712985272685336,0.8218406455000179,0.0,0.0,0,0,2.360294687329406,True,False,True,5,synthetic_2d_kinematics_ideal_odometry
1789808750.0600271,-2.4434721408284816,1.3712985272685336,0.8218406455000179,0.0,0.0,0,0,2.360294687329406,True,False,True,5,synthetic_2d_kinematics_ideal_odometry
1789808750.085227,-2.4434721408284816,1.3712985272685336,0.8218406455000179,0.0,0.0,0,0,2.360294687329406,True,False,True,5,synthetic_2d_kinematics_ideal_odometry
1789808750.1105366,-2.4434721408284816,1.3712985272685336,0.8218406455000179,0.0,0.0,0,0,2.360294687329406,True,False,True,5,synthetic_2d_kinematics_ideal_odometry
1789808750.1348722,-2.4434721408284816,1.3712985272685336,0.8218406455000179,0.0,0.0,0,0,2.360294687329406,True,False,True,5,synthetic_2d_kinematics_ideal_odometry
1789808750.16008,-2.4434721408284816,1.3712985272685336,0.8218406455000179,0.0,0.0,0,0,2.360294687329406,True,False,True,5,synthetic_2d_kinematics_ideal_odometry
1789808750.1850705,-2.4434721408284816,1.3712985272685336,0.8218406455000179,0.0,0.0,0,0,2.360294687329406,True,False,True,5,synthetic_2d_kinematics_ideal_odometry
1789808750.209944,-2.4434721408284816,1.3712985272685336,0.8218406455000179,0.0,0.0,0,0,2.360294687329406,True,False,True,5,synthetic_2d_kinematics_ideal_odometry
1789808750.234752,-2.4434721408284816,1.3712985272685336,0.8218406455000179,0.0,0.0,0,0,2.360294687329406,True,False,True,5,synthetic_2d_kinematics_ideal_odometry
1789808750.2597904,-2.4434721408284816,1.3712985272685336,0.8218406455000179,0.0,0.0,0,0,2.360294687329406,True,False,True,5,synthetic_2d_kinematics_ideal_odometry
1789808750.2851431,-2.4434721408284816,1.3712985272685336,0.8218406455000179,0.0,0.0,0,0,2.360294687329406,True,False,True,5,synthetic_2d_kinematics_ideal_odometry
1789808750.3098512,-2.4434721408284816,1.3712985272685336,0.8218406455000179,0.0,0.0,0,0,2.360294687329406,True,False,True,5,synthetic_2d_kinematics_ideal_odometry
1789808750.334795,-2.4434721408284816,1.3712985272685336,0.8218406455000179,0.0,0.0,0,0,2.360294687329406,True,False,True,5,synthetic_2d_kinematics_ideal_odometry
1789808750.3599668,-2.4434721408284816,1.3712985272685336,0.8218406455000179,0.0,0.0,0,0,2.360294687329406,True,False,True,5,synthetic_2d_kinematics_ideal_odometry
1789808750.3850825,-2.4434721408284816,1.3712985272685336,0.8218406455000179,0.0,0.0,0,0,2.360294687329406,True,False,True,5,synthetic_2d_kinematics_ideal_odometry
1789808750.4101846,-2.4434721408284816,1.3712985272685336,0.8218406455000179,0.0,0.0,0,0,2.360294687329406,True,False,True,5,synthetic_2d_kinematics_ideal_odometry
1789808750.4348984,-2.4434721408284816,1.3712985272685336,0.8218406455000179,0.0,0.0,0,0,2.360294687329406,True,False,True,5,synthetic_2d_kinematics_ideal_odometry
1789808750.459855,-2.4434721408284816,1.3712985272685336,0.8218406455000179,0.0,0.0,0,0,2.360294687329406,True,False,True,5,synthetic_2d_kinematics_ideal_odometry
1789808750.4850838,-2.4434721408284816,1.3712985272685336,0.8218406455000179,0.0,0.0,0,0,2.360294687329406,True,False,True,5,synthetic_2d_kinematics_ideal_odometry
